-- phpMyAdmin SQL Dump
-- version 3.4.10.1deb1
-- http://www.phpmyadmin.net
--
-- 主机: localhost
-- 生成日期: 2014 年 12 月 05 日 15:27
-- 服务器版本: 5.5.38
-- PHP 版本: 5.3.10-1ubuntu3.14

SET SQL_MODE="NO_AUTO_VALUE_ON_ZERO";
SET time_zone = "+00:00";


/*!40101 SET @OLD_CHARACTER_SET_CLIENT=@@CHARACTER_SET_CLIENT */;
/*!40101 SET @OLD_CHARACTER_SET_RESULTS=@@CHARACTER_SET_RESULTS */;
/*!40101 SET @OLD_COLLATION_CONNECTION=@@COLLATION_CONNECTION */;
/*!40101 SET NAMES utf8 */;

--
-- 数据库: `zhilianproject2014`
--

-- --------------------------------------------------------

--
-- 表的结构 `job`
--

CREATE TABLE IF NOT EXISTS `job` (
  `id` int(10) NOT NULL AUTO_INCREMENT,
  `field` varchar(20) NOT NULL,
  `job` varchar(20) NOT NULL,
  PRIMARY KEY (`id`)
) ENGINE=InnoDB  DEFAULT CHARSET=utf8 COMMENT='行业领域职位' AUTO_INCREMENT=76 ;

--
-- 转存表中的数据 `job`
--

INSERT INTO `job` (`id`, `field`, `job`) VALUES
(1, '', ''),
(2, '软件/互联网开发/系统集成', ''),
(3, '软件/互联网开发/系统集成', '高级软件工程师'),
(4, '软件/互联网开发/系统集成', '软件工程师'),
(5, '软件/互联网开发/系统集成', '软件研发工程师'),
(6, '软件/互联网开发/系统集成', '系统架构设计师'),
(7, '软件/互联网开发/系统集成', '系统分析员'),
(8, '软件/互联网开发/系统集成', '数据库开发工程师'),
(9, '软件/互联网开发/系统集成', 'ERP技术/开发应用'),
(10, '软件/互联网开发/系统集成', '互联网软件工程师'),
(11, '软件/互联网开发/系统集成', '手机软件开发工程师'),
(12, '软件/互联网开发/系统集成', '嵌入式软件开发'),
(13, '软件/互联网开发/系统集成', '移动互联网开发'),
(14, '软件/互联网开发/系统集成', 'WEB前端开发'),
(15, '软件/互联网开发/系统集成', '用户界面（UI）设计'),
(16, '软件/互联网开发/系统集成', '用户体验（UE/UX）设计'),
(17, '软件/互联网开发/系统集成', '网页设计/制作/美工'),
(18, '软件/互联网开发/系统集成', '游戏设计/开发'),
(19, '软件/互联网开发/系统集成', '游戏策划'),
(20, '软件/互联网开发/系统集成', '游戏界面设计'),
(21, '软件/互联网开发/系统集成', '系统集成工程师'),
(22, '硬件开发', ''),
(23, '硬件开发', '高级硬件工程师'),
(24, '硬件开发', '硬件工程师'),
(25, '硬件开发', '嵌入式硬件开发'),
(26, '互联网产品/运营管理', ''),
(27, '互联网产品/运营管理', '互联网产品经理/主管'),
(28, '互联网产品/运营管理', '互联网产品经专员/助理'),
(29, '互联网产品/运营管理', '电子商务经理、主管'),
(30, '互联网产品/运营管理', '电子专员/助理'),
(31, '互联网产品/运营管理', '网络运营管理'),
(32, '互联网产品/运营管理', '网络运营专员/助理'),
(33, '互联网产品/运营管理', '网站编辑'),
(34, '互联网产品/运营管理', 'SEO/SEM'),
(35, 'IT质量管理/测试/配置管理', ''),
(36, 'IT质量管理/测试/配置管理', 'IT质量管理经理/主管'),
(37, 'IT质量管理/测试/配置管理', 'IT质量管理工程师'),
(38, 'IT质量管理/测试/配置管理', '系统测试'),
(39, 'IT质量管理/测试/配置管理', '软件测试'),
(40, 'IT质量管理/测试/配置管理', '硬件测试'),
(41, 'IT质量管理/测试/配置管理', '配置管理工程师'),
(42, 'IT运维/技术支持', ''),
(43, 'IT运维/技术支持', '信息技术经理/主管'),
(44, 'IT运维/技术支持', '信息技术专员'),
(45, 'IT运维/技术支持', 'IT技术支持/维护经理'),
(46, 'IT运维/技术支持', 'IT技术支持/维护工程师'),
(47, 'IT运维/技术支持', '系统工程师'),
(48, 'IT运维/技术支持', '系统管理员'),
(49, 'IT运维/技术支持', '网络工程师'),
(50, 'IT运维/技术支持', '网络管理员'),
(51, 'IT运维/技术支持', '网络与信息安全工程师'),
(52, 'IT运维/技术支持', '数据库管理员'),
(53, 'IT运维/技术支持', '计算机硬件维护工程师'),
(54, 'IT运维/技术支持', 'ERP实施顾问'),
(55, 'IT运维/技术支持', 'IT技术文员/助理'),
(56, 'IT运维/技术支持', 'Helpdesk'),
(57, 'IT管理/项目协调', ''),
(58, 'IT管理/项目协调', 'CTO/CIO'),
(59, 'IT管理/项目协调', 'IT技术/研发总监'),
(60, 'IT管理/项目协调', 'IT技术/研发经理/主管'),
(61, 'IT管理/项目协调', 'IT项目总监'),
(62, 'IT管理/项目协调', 'IT项目经理/主管'),
(63, 'IT管理/项目协调', 'IT项目执行/协调人员'),
(64, '电信/通信技术开发及应用', ''),
(65, '电信/通信技术开发及应用', '通信技术工程师'),
(66, '电信/通信技术开发及应用', '通信研发工程师'),
(67, '电信/通信技术开发及应用', '数据通信工程师'),
(68, '电信/通信技术开发及应用', '移动通信工程师'),
(69, '电信/通信技术开发及应用', '电信网络工程师'),
(70, '电信/通信技术开发及应用', '电信交换工程师'),
(71, '电信/通信技术开发及应用', '有线传输工程师'),
(72, '电信/通信技术开发及应用', '无限/射频通信工程师'),
(73, '电信/通信技术开发及应用', '通信电源工程师'),
(74, '电信/通信技术开发及应用', '通信标准化工程师'),
(75, '电信/通信技术开发及应用', '通信项目管理');

-- --------------------------------------------------------

--
-- 表的结构 `jobhunter_applicationhistory`
--

CREATE TABLE IF NOT EXISTS `jobhunter_applicationhistory` (
  `id` int(10) NOT NULL AUTO_INCREMENT,
  `userphone` varchar(20) NOT NULL,
  `application_recruitername` varchar(20) NOT NULL,
  `application_jobname` varchar(50) NOT NULL,
  `application_salary` varchar(20) NOT NULL,
  `application_time_hour` varchar(10) NOT NULL,
  `application_time_day` varchar(20) NOT NULL,
  `id_cloud` varchar(10) NOT NULL,
  PRIMARY KEY (`id`),
  KEY `userphone` (`userphone`)
) ENGINE=InnoDB  DEFAULT CHARSET=utf8 COMMENT='求职者_申请历史' AUTO_INCREMENT=18 ;

--
-- 转存表中的数据 `jobhunter_applicationhistory`
--

INSERT INTO `jobhunter_applicationhistory` (`id`, `userphone`, `application_recruitername`, `application_jobname`, `application_salary`, `application_time_hour`, `application_time_day`, `id_cloud`) VALUES
(11, '1', '苏州思佳达信息科技有限公司', 'Java 软件开发工程师（资深）/（Leader）', '15000~20000', '15:15', '2014/12/4', '117'),
(12, '1', '苏州青春之歌信息科技有限公司', '测试工程师', '6000~15000', '15:23', '2014/12/4', '105'),
(13, '1', '凯美瑞德(苏州)信息科技有限公司', '高级C++开发工程师', '10000~20000', '17:43', '2014/12/4', '109'),
(15, '15150154545', '银科环企软件(苏州)有限公司', 'ASP.NET MVC高级开发工程师 架构师', '12000~15000', '23:8', '2014/12/4', '29');

-- --------------------------------------------------------

--
-- 表的结构 `jobhunter_auth`
--

CREATE TABLE IF NOT EXISTS `jobhunter_auth` (
  `userphone` varchar(20) NOT NULL,
  `userpassword` varchar(20) NOT NULL,
  PRIMARY KEY (`userphone`)
) ENGINE=InnoDB DEFAULT CHARSET=utf8 COMMENT='求职者_验证';

--
-- 转存表中的数据 `jobhunter_auth`
--

INSERT INTO `jobhunter_auth` (`userphone`, `userpassword`) VALUES
('1', '1'),
('15006200149', '1'),
('15150154545', '1');

-- --------------------------------------------------------

--
-- 表的结构 `jobhunter_userinfo`
--

CREATE TABLE IF NOT EXISTS `jobhunter_userinfo` (
  `id` int(10) NOT NULL AUTO_INCREMENT,
  `userphone` varchar(20) NOT NULL,
  `username` varchar(10) NOT NULL,
  `userdemand_field` varchar(20) NOT NULL,
  `userdemand_job` varchar(20) NOT NULL,
  `userdemand_salary` varchar(9) NOT NULL,
  `userdemand_experience` varchar(2) NOT NULL,
  PRIMARY KEY (`id`),
  KEY `userphone` (`userphone`)
) ENGINE=InnoDB  DEFAULT CHARSET=utf8 COMMENT='求职者_个人信息' AUTO_INCREMENT=5 ;

--
-- 转存表中的数据 `jobhunter_userinfo`
--

INSERT INTO `jobhunter_userinfo` (`id`, `userphone`, `username`, `userdemand_field`, `userdemand_job`, `userdemand_salary`, `userdemand_experience`) VALUES
(1, '1', '一号', '软件/互联网开发/系统集成', '', '7000', '0'),
(3, '15150154545', '', '', '', '0', '0'),
(4, '15006200149', '张奇平', '软件、互联网开发、系统集成', '高级软件工程师', '5000', '2');

-- --------------------------------------------------------

--
-- 表的结构 `recruiter_auth`
--

CREATE TABLE IF NOT EXISTS `recruiter_auth` (
  `username` varchar(20) NOT NULL,
  `userpassword` varchar(20) NOT NULL,
  PRIMARY KEY (`username`)
) ENGINE=InnoDB DEFAULT CHARSET=utf8;

--
-- 转存表中的数据 `recruiter_auth`
--

INSERT INTO `recruiter_auth` (`username`, `userpassword`) VALUES
('sjc', '1234'),
('sjc1', '1234'),
('sjc10', '1234'),
('sjc11', '1234'),
('sjc12', '1234'),
('sjc13', '1234'),
('sjc14', '1234'),
('sjc2', '1234'),
('sjc3', '1234'),
('sjc4', '1234'),
('sjc5', '1234'),
('sjc6', '1234'),
('sjc7', '1234'),
('sjc8', '1234'),
('sjc9', '1234'),
('whm', '123'),
('whm1', '123'),
('whm2', '123'),
('whm3', '123'),
('xxh', 'xxh'),
('zf', '123'),
('zf002', '123'),
('zf003', '123'),
('zf004', '123'),
('zf005', '123'),
('zxu12', '123'),
('zxy', '123'),
('zxy1', '123'),
('zxy10', '123'),
('zxy11', '123'),
('zxy12', '123'),
('zxy13', '123'),
('zxy14', '123'),
('zxy15', '123'),
('zxy16', '123'),
('zxy2', '123'),
('zxy3', '123'),
('zxy4', '123'),
('zxy5', '123'),
('zxy6', '123'),
('zxy7', '123'),
('zxy8', '123'),
('zxy9', '123');

-- --------------------------------------------------------

--
-- 表的结构 `recruiter_demand`
--

CREATE TABLE IF NOT EXISTS `recruiter_demand` (
  `id` int(10) NOT NULL AUTO_INCREMENT,
  `username` varchar(20) NOT NULL,
  `demand_field` varchar(20) NOT NULL,
  `demand_job` varchar(20) NOT NULL,
  `demand_jobname` varchar(50) NOT NULL,
  `demand_salary_min` varchar(9) NOT NULL,
  `demand_salary_max` varchar(9) NOT NULL,
  `demand_experience` varchar(2) NOT NULL,
  `id_cloud` varchar(10) NOT NULL,
  `demand_detail` text NOT NULL,
  PRIMARY KEY (`id`),
  KEY `username` (`username`)
) ENGINE=InnoDB  DEFAULT CHARSET=utf8 AUTO_INCREMENT=193 ;

--
-- 转存表中的数据 `recruiter_demand`
--

INSERT INTO `recruiter_demand` (`id`, `username`, `demand_field`, `demand_job`, `demand_jobname`, `demand_salary_min`, `demand_salary_max`, `demand_experience`, `id_cloud`, `demand_detail`) VALUES
(10, 'zf', '软件/互联网开发/系统集成', '软件研发工程师', 'NET 中级软件工程师', '10000', '15000', '2', '28', '岗位职责：\r\n1、负责公司网站前端、后台程序的开发与维护；\r\n2、配合美工对网店网站界面的进行美化和升级；\r\n3、运营项目的后台开发维护和升级\r\n4、技术文档编写。\r\n5、可出差，服从领导安排\r\n\r\n任职要求：\r\n1、有2年以上软件开发经验，熟悉B/S架构,熟悉.NET Framework、ASP.NET、AJAX、Web Service、WinForm、MVC、EF、Linq等开发技术； \r\n2、能够独立完成单个模块的功能设计和简单项目的数据库设计、界面设计；\r\n3、熟练掌握SQL Server、Oracle等数据库的开发技能,能够进行数据库设计及调优；\r\n4、理解OOP设计编程理念，能够按照软件设计说明书编制程序，代码严谨规范；\r\n5、熟悉常用的Web前端技术，包括HTML、DIV CSS、JavaScript、XML、AJAX、JQuery等；\r\n6、有强烈的责任心，良好的职业操守，有很强的敬业精神；\r\n7、具有一定的文档撰写能力，并有良好的沟通和协作能力；\r\n\r\n8、有电子商务开发(B2B,B2C) 开发经验者优先考虑'),
(11, 'zf', '软件/互联网开发/系统集成', '高级软件工程师', 'ASP.NET MVC高级开发工程师 架构师', '12000', '15000', '2', '29', '岗位职责：\r\n1、负责公司网站前端、后台程序的开发与维护；\r\n2、配合美工对网店网站界面的进行美化和升级；\r\n3、运营项目的后台开发维护和升级\r\n4、技术文档编写。\r\n5、可出差，服从领导安排\r\n\r\n任职要求：\r\n1、有2年以上软件开发经验，熟悉B/S架构,熟悉.NET Framework、ASP.NET、AJAX、Web Service、WinForm、MVC、EF、Linq等开发技术； \r\n2、能够独立完成单个模块的功能设计和简单项目的数据库设计、界面设计；\r\n3、熟练掌握SQL Server、Oracle等数据库的开发技能,能够进行数据库设计及调优；\r\n4、理解OOP设计编程理念，能够按照软件设计说明书编制程序，代码严谨规范；\r\n5、熟悉常用的Web前端技术，包括HTML、DIV CSS、JavaScript、XML、AJAX、JQuery等；\r\n6、有强烈的责任心，良好的职业操守，有很强的敬业精神；\r\n7、具有一定的文档撰写能力，并有良好的沟通和协作能力；\r\n8、有电子商务开发(B2B,B2C) 开发经验者优先考虑\r\n'),
(12, 'zf', '软件/互联网开发/系统集成', '网页设计/制作/美工', '网页设计师/美工/前端工程师', '10000', '12000', '1', '30', '岗位职责 \r\n1、负责公司网站的设计、改版、更新； \r\n2、负责公司产品的界面进行设计、编辑、美化等工作； \r\n3、对公司的宣传产品进行美工设计； \r\n4、负责客户及系统内的广告和专题的设计； \r\n5、负责与开发人员配合完成所辖网站等前台页面设计和编辑； \r\n6、其他与美术设计相关的工作。\r\n\r\n任职资格 \r\n1、美术、平面设计相关专业，专科及以上学历，一年以上网页设计和Web操作界面交互设计工作经验。\r\n2、有扎实的美术功底、良好的创意思维和理解能力，能及时把握客户需求； \r\n3、精通Photoshop/Dreamweaver/Illustrator等设计软件，对图片渲染和视觉效果有较好认识； \r\n4、能手写HTML/CSS/javascript脚本，实现各类网站前台效果。精通DIV+CSS布局技术，了解W3C标准，精通浏览器兼容代码。熟悉javascript等页面动态技术，了解动态网页的特性。有大型网站成功案例者优先。\r\n5、善于与人沟通，良好的团队合作精神和高度的责任感，能够承受压力，有创新精神，保证工作质量，有扎实的设计功底，丰富的网页设计经验以及优秀的创意能力，并对色彩，构图和设计理念有自己独特见解。\r\n6、应聘时请务必提供个人作品。'),
(13, 'zf', '软件/互联网开发/系统集成', '高级软件工程师', 'C#.NET 高级软件工程师', '10000', '15000', '4', '31', '职务要求：\r\n \r\n1、 计算机相关专业，大专及以上学历；\r\n2、 三年以上C#.NET  B/S或C/S架构系统的实际开发经验；\r\n3、 熟悉面向对象设计思想，精通Oracle、Ms SQL数据库开发，有数据库DBA经验者优先；\r\n4、 有VB6.0数据库开发经验者，优先考虑；\r\n5、 具有良好的编程风格，有多层架构的项目开发经验；\r\n6、 熟练运用asp.net mvc三层架构开发模式、熟练WCF开发者，优先考虑；\r\n7、 积极、敬业，具备良好的学习能力、沟通协调能力和团队协作能力；\r\n \r\n工作职责：\r\n \r\n1、 根据客户要求，按客户的规范进行软件项目的设计与开发，其成果满足客户需求；\r\n2、 服从公司以及客户工作安排；\r\n3、 能够子系统或模块的设计与开发，包括用户接口、业务逻辑定义、数据模型的设计与开发等；\r\n4、 参与软件产品需求分析及系统设计；\r\n5、 能够与开发团队中其它成员共同开发有效沟通，包括其它工程师、项目经理、QA以及客户，设计出高性能、可扩展而且符合用户需求的方案\r\n6、 工作认真负责，积极主动，善于思考问题，解决问题；'),
(14, 'zf', '软件/互联网开发/系统集成', '高级软件工程师', '高级软件工程师', '10000', '15000', '4', '32', '1.精通C#开发，三年及以上大、中型C/S、B/S项目开发经验；\r\n\r\n2.精通Oracle、Ms SQL数据库开发，有数据库DBA经验优先；\r\n\r\n3.有VB6数据库项目开发经验优先；\r\n\r\n4.能适应短期出差。'),
(15, 'sjc', '软件/互联网开发/系统集成', '嵌入式软件开发', '软件工程师/嵌入式工程师', '4000', '6000', '2', '33', '要求：\r\n1  2年左右工作经验，必须要；\r\n2  熟练掌握C语言编程，必须要；\r\n3  熟悉1种以上网络通信协议（TCP/IP、交换、路由等），必须要；\r\n4  最好有嵌入式开发相关经验，包括开发、调试、问题定位等经验；\r\n5  最好有WLAN领域开发经验。      '),
(18, 'zf002', '硬件开发', '硬件工程师', '硬件工程师', '4000', '8000', '4', '36', '岗位职责\r\n1、负责多媒体硬件设备（包括摄像机、音频处理设备、视频采集设备、工控机、pc等）的选型、测试、调试及验证\r\n2、寻找相关设备硬件供应商，积极与研发和采购部门配合实现设备选项；\r\n3、负责实验室硬件设备的日常管理和环境搭建工作\r\n\r\n岗位要求\r\n1、具备电子、通信、信息工程、计算机、机电一体化等相关专业大专以上学历；\r\n2、三年以上音视频硬件工作经验。具备录播系统、摄像头、音频系统等厂家工作经验的优先；\r\n3、熟悉音视频硬件设备（包括摄像机、音频处理设备、视频采集设备、工控机、pc等），具备丰富的音视频设备测试和调试经验。\r\n4、具备较强的沟通和表达能力，能有效和公司内部其他团队及供应商沟通交流； \r\n6、具有积极向上的工作态度，能适应较大压力下进行工作；\r\n5、有较强的学习能力；具有优秀的团队协作和敬业精神。'),
(19, 'sjc', '软件/互联网开发/系统集成', '用户界面（UI）设计', 'layout工程师', '4000', '6000', '0', '37', '1）熟练使用pads，allgero，cam350等相关layout软件\r\n2）对电子元器件有一定熟悉\r\n3）能积极配合硬件工程师layout\r\n4）熟悉DDR，电源等相关器件的layout布局\r\n5）能主动学习，积极向上者佳\r\n6）熟悉autocad者佳'),
(20, 'zf002', '软件/互联网开发/系统集成', '用户界面（UI）设计', 'UI设计师', '4000', '6000', '3', '38', '岗位职责：\r\n1、负责公司产品PC端和移动端的UI设计工作；\r\n2、负责公司各部门宣传演示类平面设计工作；\r\n3、负责与开发人员配合实现产品UI效果；\r\n4、密切关注同行业公司及产品设计动态，及时推动UI改版。\r\n \r\n能力要求：\r\n1、设计专业学历，二年及以上设计工作经验；\r\n2、对产品需求和交互设计有较强的领悟能力；\r\n3、热爱设计职业，对UI设计趋势有灵敏触觉；\r\n4、精通Photoshop、Illustrator等主流设计软件；\r\n5、具备良好的敬业精神和协作能力。\r\n注：投递简历时，请附上代表作品。'),
(21, 'sjc', '硬件开发', '硬件工程师', '硬件工程师', '4000', '8000', '4', '39', '1）3年以上独立基带或者RF产品设计经验；\r\n2）能够熟练使用示波器，频谱分析仪，IQ等常用仪器\r\n3）有Atheros平台开发经验者佳，有router，AP，high power card设计经验者佳\r\n4）能够独立进行产品的设计，协助打样，debug，测试，过认证\r\n5）有一定的EMI，SI，POE设计经验\r\n6）工作踏实，诚实认真，敢想敢为\r\n7）能符合公司安排出差'),
(22, 'zf003', '硬件开发', '嵌入式硬件开发', '研发工程师（硬件）', '8000', '10000', '3', '40', '职位描述:\r\n1、按项目要求完成硬件产品的总体方案、器件选型、原理图设计；\r\n2、协助PCB设计及单板试制加工；\r\n3、制定硬件产品的调试、测试方案并实施优化；\r\n4、培训及指导生产部技术人员按要求完成硬件产品的生产。\r\n5、及时编写各种文档和标准化资料。\r\n\r\n岗位要求：\r\n1、本科及以上学历，通讯、计算机、自控、电子等相关专业；1年以上相关工作经验；\r\n2、具备扎实的数字和模拟电路的分析及设计能力；\r\n3、了解硬件开发流程，精通OrCAD、Protel等开发工具；\r\n4、熟悉单片机、ARM和DSP及其外围电路，负责过一个以上的硬件产品的开发。\r\n5、能够独立阅读英文相关资料；\r\n6、工作责任感强，有较好的钻研精神和团队合作意识。'),
(23, 'sjc', '软件/互联网开发/系统集成', '网页设计/制作/美工', '网页设计工程师', '4000', '6000', '0', '41', '1.懂得html,php javescript语言\r\n2.初步具有美化页面的能力\r\n3.具有一定的c语言知识'),
(24, 'zf003', '软件/互联网开发/系统集成', '嵌入式软件开发', '嵌入式软件工程师', '8000', '10000', '2', '42', '职位描述:\r\n1. 根据开发需求，完成软件模块的设计；\r\n2. 按照设计文档完成软件模块的编码；\r\n3. 设计单元测试用例并完成单元测试；\r\n4. 协助团队其他人员完成软件测试。\r\n\r\n岗位要求：\r\n1. 本科及以上学历，计算机、软件、电子及相关专业；\r\n2. 熟练掌握C/C++语言，有嵌入式开发经验者优先；\r\n3. 熟悉Windows程序开发，有VS2005/VS2008开发经验者优先；\r\n4. 熟悉SQL数据库；\r\n5. 良好的沟通和逻辑思维能力，能够独立思考寻找问题根源；\r\n6. 擅于与他人合作，责任心强，善于接受新知识。'),
(25, 'zf003', 'IT质量管理/测试/配置管理', '软件测试', '软件测试工程师', '4000', '6000', '1', '43', '岗位描述：\r\n1、根据需求文档编写测试计划、制定详细的测试方案、编写测试用例；\r\n2、根据测试计划搭建和维护测试环境；\r\n3、执行测试工作，提交测试报告；\r\n4、对测试中发现的问题进行详细分析和准确定位，与开发人员讨论缺陷解决方案；\r\n5、提出对产品的进一步改进的建议，并评估改进方案是否合理；\r\n6、对测试结果进行总结与统计分析，对测试进行跟踪，并提出反馈意见；\r\n\r\n岗位要求：\r\n1、计算机或者相关专业，大专及以上学历，\r\n2、1年以上软件测试相关工作经验，优秀应届生经过相关培训者亦可。；\r\n3、掌握软件测试理论和方法；\r\n4、经过专业的测试培训，有设计、编码经验者优先。\r\n5、工作认真踏实，有责任感。具有良好的自学能力、沟通能力及团队精神。乐于从事软件测试工作。'),
(26, 'sjc', '电信/通信技术开发及应用', '数据通信工程师', '数据通信工程师/通信技术工程师', '4000', '8000', '2', '44', '职位描述:\r\n要求：\r\n1.熟悉HTML,CCS,javascript;PHP\r\n2.熟悉HTTP协议及相关的分析工具；\r\n3.熟练CGI编程及调试方法；\r\n4.熟悉C语言程序开发并具有良好的编程风格；\r\n5.熟悉linux应用程序/shell开发；\r\n6.熟悉嵌入式开发流程；\r\n7.了解TCP/IP网络技术；\r\n8.具备良好的文档编写能力；\r\n9.精通linux平台C语言编程，熟练使用Linux平台下编译和调试工具.\r\n岗位职责：\r\nLinux系统下的CGI开发UI开发。'),
(27, 'zxy', '软件/互联网开发/系统集成', '软件工程师', 'Android工程师（苏州园区）', '8000', '10000', '0', '45', '岗位职责：\r\n\r\n1、负责设计、研发和调试手机Android应用程序； \r\n2、负责撰写和整理开发相关的技术文档； \r\n3、进行源代码的单元测试和质量控制； \r\n4、负责跟进手机终端相关技术，设计并实现新产品功能。 \r\n\r\n任职资格：\r\n\r\n1、精通Java开发语言，有C/C++语言基础； \r\n2、熟悉移动通信和网络技术，了解移动通信和网络技术常用标准和规则 ； \r\n3、熟悉Java TCP/IP协议等相关技术内容； \r\n4、精通Android界面UI、网络传输 socket和http网络接口等开发框架和API调用； \r\n5、严谨的逻辑分析能力，代码写作规范，算法实现合理，性能良好； \r\n6、深刻理解面向对象的理念和设计模式 ，对数据结构、基本算法熟练掌握，并具备基本的算法设计能力； \r\n7、本科以上学历，计算机或通讯相关专业。'),
(28, 'zf004', '软件/互联网开发/系统集成', '软件工程师', '软件工程师（Android和IOS方向）', '8000', '15000', '3', '46', '任职要求：\r\n1、具有高度的责任心，品德端正，热情友善，重视诚信，时间观念强，谦虚好学，对研发创新有浓厚的兴趣；\r\n2、精通Java或者C/C++开发语言和环境；\r\n3、熟悉Android/IOS开发技术、Android/IOS相关开发测试工具的使用；\r\n4、熟悉Android/IOS开发平台及框架原理；\r\n5、二年或以上Android/IOS开发经验开发经验；\r\n6、较好的算法、数据结构能力；\r\n7、逻辑思维强，做事有条理、良好的团队合作精神、工作有激情；\r\n岗位职责：\r\n1、负责Android手机产品的应用软件的开发工作；\r\n2、根据项目任务计划按时完成软件编码和单元测试工作；\r\n3、按照开发流程编写相应模块的设计文档；\r\n4、上级分配的其他任务。'),
(29, 'zxy', '软件/互联网开发/系统集成', '软件研发工程师', 'IOS工程师（苏州园区）', '8001', '10000', '2', '47', '职责描述：\r\n1、根据需求进行手机客户端软件的设计、开发和维护；\r\n2、与项目相关人员配合共同完成手机应用软件的开发设计工作；\r\n3、遵循软件开发流程，独立的进行应用及人机界面软件模块的设计和实现；\r\n4、手机应用软件开发环境（平台及工具软件）的设计、实现和维护\r\n5、按照项目计划在保证质量的前提下、按时完成开发任务；\r\n6、负责相关技术文档编写。\r\n技能要求：\r\n1、精通 Objective-C，对面向对象编程有一定的理解；\r\n2、熟悉主流游戏引擎，如cocos2d-x、unity2D、3D；\r\n3、熟悉xcode，Unity开发环境中至少一种，会shell，ant等脚本者优先；\r\n4、熟悉各类三方SDK接入方式；\r\n5、能够独立完成编码能力，注重代码质量；\r\n6、对工作有责任心，对新技术感兴趣，学习能力强，逻辑思维清晰，注重团队沟通与协作；\r\n7、2年以上工作经验。'),
(30, 'zf004', 'IT管理/项目协调', 'CTO/CIO', '智能商圈CTO，联合创始人（清华科技园）', '15000', '25000', '5', '48', '与清华大学科技园合资建立“清华大学智能商圈网络技术公司（苏州）”，面向全国开发推广基于移动互联、智能硬件、近场技术、多屏互动、大数据分析技术的，现代商业综合体O2O运营平台。先正招募公司创始核心团队，其中“智能商圈CTO”岗位职责如下：\r\n\r\n 　 　 　 　  \r\nCTO的岗位职责\r\n1、  新技术首席架构师：强大的技术学习能力，能快速学习主流开放平台（商业云平台、APP Store架构、hadoop、ibeacon、智能硬件等），并在此基础上提出产品开发集成的“架构设计”。\r\n2、  新商业模式设计参与者：作为核心技术人员参与新业务模式的规划和设计\r\n3、  技术沟通协调：规范化产品文档，项目文档模板的撰写及监督执行；企业客户的售前演示及方案撰写；外协团队、厂商的产品技术接口及服务规范接口的管理\r\n4、  核心团队建设：1、核心开发团队（5-10人） 2、UI设计（1-2人）3、核心网站测试、运营（3-5）人  \r\nCTO岗位要求：\r\n1）实干家：对新技术、新思路充满热情，事业心强，踏实肯干，认同 “承担，探索，超越“的成功哲学\r\n2）8年以上信息化建设经验，3年以上移动互联网产品架构设计、技术总监经历\r\n3）待遇，股份激励优厚  产品技术方向上全权管理'),
(31, 'zxy', '软件/互联网开发/系统集成', '互联网软件工程师', 'PHP工程师（苏州园区）', '8001', '10000', '2', '49', '1.熟悉LAMP架构，有Apache,Nginx配置及性能优化经验者优先\r\n2.熟练掌握HTML，div+css等web前端开发技术，熟悉HTML5者优先\r\n3.熟悉JQuery等JS框架，掌握 Ajax/Json/XML等Web前端技术\r\n4.精通 PHP 语言，了解该语言的特点和代码优化\r\n5.精通 mysql 数据库，精通 SQL 语句优化,\r\n6.熟悉mongodb、Memcach优先\r\n7.熟练使用 smarty,html,css,memcache,redis,tc,sphinx 等技术；会 centos 系统基本操作，能配置相应服务\r\n熟悉linux常用命令，若熟悉linux运维更佳。\r\n8、1-2年工作经验'),
(32, 'zxy', '软件/互联网开发/系统集成', '软件工程师', 'PHP程序员（苏州园区）', '3000', '5000', '0', '50', '1.了解PHP语言基础；\r\n2. 熟悉HTML;\r\n3.熟悉LAMP架构；\r\n4.了解Linux和Windows的常规操作及各类服务器软件配置；\r\n5.了解SQL，能应用MySQL等数据库系统；\r\n6.有很强的学习能力， 有很好的团队合作精神。'),
(33, 'zxy', '软件/互联网开发/系统集成', '移动互联网开发', '资深Android工程师（苏州园区）', '8001', '10000', '2', '51', '技能要求：\r\n1、JAVA基础知识扎实，熟悉IO，多线程，异步处理，熟悉缓存，消息等机制 \r\n2、精通Android 图形界面开发和多线程编程； \r\n3、熟悉主流游戏引擎，如unity2D、3D； \r\n4、理解设计模式，具备良好的编程习惯和程序设计思想； \r\n5、熟悉android下网络通信机制；对Socket通信，TCP/IP和HTTP有较深刻理解和经验；熟悉各种android推送机制； \r\n6、对工作有责任心，对新技术感兴趣，学习能力强，逻辑思维清晰，注重团队沟通与协作。\r\n7、2年以上工作经验'),
(34, 'zf005', '软件/互联网开发/系统集成', '系统分析员', '系统分析师', '5000', '8000', '2', '52', '岗位要求：\r\n1、大专以上学历，机电一体化、机械设计与工业自动化等相关专业\r\n2、2年以上相关工作经验\r\n3、英语6级\r\n4、精通机械设计，动手能力强\r\n5、熟练使用CAD和Solidworks绘图软件\r\n6、具备较强的领导能力和团队合作能力\r\n7、精通机械自动化类英语，具备较强的口语能力，\r\n\r\n工作内容：\r\n1、收集自动化行业上次信息，了解客户的需求，到客户端进行项目洽谈，评估技术风险，制造方案报价，最终达成双方的合作\r\n2、项目启动以后，带领项目团队指定项目计划，开展项目计划，开展项目工作，负责整个项目计划的管理'),
(35, 'zf005', 'IT质量管理/测试/配置管理', '软件测试', '测试专员', '4000', '6000', '1', '53', '岗位要求：\r\n1、大专及以上学历，机械、电子、计算机、数学、统计等相关专业毕业。\r\n2、熟练运用PPAP、APQP、FMEA、MSA、SPC等品质管理和统计分析工具，能看懂工程图纸。\r\n3、有二年以上QE经验。\r\n4、有6sigma GB/BB经验者优先。\r\n5、领导交代的其他工作。'),
(36, 'zxy1', '软件/互联网开发/系统集成', '软件研发工程师', '数据库/Web软件开发工程师', '3000', '8000', '0', '54', '职位描述：\r\n\r\n-  PHP前后台页面的设计和开发。\r\n\r\n-  软件功能需求的整理和规范文档的编写。\r\n职位要求\r\n-  熟悉web开发前端技术，JS、HTML、CSS等\r\n-  熟练掌握PHP/MySQL/Apache/Linux编程\r\n-  理解网络编程技术，如HTTP，FTP，TCP/IP\r\n-  掌握数据库接口编程技术，熟悉数据库应用开发MySQL，Oracle，or other RDBMS\r\n-  具有网站设计开发经验者优先\r\n-  具备良好的编码风格，熟悉版本控制\r\n\r\n-  责任心强，团队协作意识；乐于学习新技术；能够承担工作压力\r\n-  良好的客户沟通能力，能胜任技术支持和培训者优先'),
(37, 'sjc1', '软件/互联网开发/系统集成', '软件工程师', 'java后台开发工程师', '6000', '15000', '2', '55', '职位要求：\r\n1.有扎实的Java基础，熟悉常用设计模式\r\n2.有较强的业务需求分析能力\r\n3.熟练使用主流开发框架：Spring, SpringMVC/Struts2, Hibernate\r\n4.掌握数据库基础，有MySQL或PostgreSQL经验\r\n5.喜欢专研技术，有良好的学习能力\r\n6.善于沟通，有团队协作精神，乐于分享技术、经验\r\n7.熟悉MongoDB、Redis等NoSQL数据库\r\n8.熟悉网络异步编程，熟练使用Netty、Mina之类的框架\r\n9.深入理解RESTful服务架构概念'),
(38, 'zxy1', '软件/互联网开发/系统集成', '软件研发工程师', '.Net软件开发工程师', '4000', '8000', '0', '56', '职位描述：\r\n\r\n- ASP.Net前后台页面的设计和开发。\r\n\r\n- 客户端软件需求的整理和规范文档的编写。\r\n职位要求：\r\n\r\n-  精通C#语言，了解.Net Framework \r\n\r\n-  理解面向对象和MVC思想\r\n-  熟练掌握ASP.Net程序开发\r\n\r\n-  熟悉CSS+DIV布局\r\n\r\n-  熟练使用SQL Server，了解PowerDesign等数据库建模工具\r\n-  具备良好的编码风格，熟悉版本控制\r\n\r\n-  责任心强，团队协作意识；乐于学习新技术；能够承担工作压力'),
(39, 'zxy1', '软件/互联网开发/系统集成', '软件研发工程师', 'Android/iOS软件开发工程师', '4000', '8000', '0', '57', '职位描述：\r\n\r\n- Android/IOS客户端的设计与开发\r\n- 客户端软件需求的整理和规范文档的编写\r\n职位要求：\r\n\r\n-  精通Android/ios开发平台及框架原理，熟练使用IOS SDK/Android SDK进行开发\r\n-  精通Java/Objective-C语言，理解面向对象与MVC设计思想\r\n-  熟悉SQL语言，熟练掌握SQLSERVER、ORACLE等数据库编程；\r\n-  具备良好的编码风格，熟悉版本控制\r\n\r\n-  责任心强，良好的沟通能力和协作意识；善于学习新技术；能够承担工作压力'),
(40, 'sjc1', '互联网产品/运营管理', '网络运营管理', '营销策划', '4000', '6000', '2', '58', '岗位职责\r\n1、根据公司总体战略与年度目标，制定和实施整体发展规划和年度计划，网站运营/网络推广、网络营销/电子商务；达成既定销售目标和品牌目标；\r\n2、负责公司官网的整体策划、网站布局、网站结构、日常运营、搜索引擎优化等；\r\n3、负责公司品牌和产品的网络推广，以期达到良好的口碑效应，制订网络推广策略、计划与预算，线上整体推广执行计划的推动实施以及效果监控；\r\n4、分析市场需求，依据公司品牌和产品特点，进行网络营销/电子商务方案制定、策划、执行，同时进行网络营销秩序维护；\r\n5、开拓网络营销客户和渠道，开展各项合作，期维护客户关系，促进互动与销售；\r\n6、调研需求，及时整理反馈；跟踪研究行业内各种互联网经验和方式，并不断创新推广手段；\r\n7、负责网站运营/网络推广、网络营销/电子商务各项数据的整理、分析、汇总。\r\n任职要求\r\n1、 大专以上学历，有计算机、软件、IT产品或者网络营销相关工作经验和优秀业绩优先；\r\n2、 对网络销售和信息互联网渠道网络推广有实操经验；\r\n3、 熟悉互联网推广和网站运营，了解搜索引擎优化seo的原理和策略，掌握搜索引擎的基本排名规律及优化技巧，并有实际操作经验；\r\n4、 能够熟悉各种互联网资源的手段和技巧（如微信、微博、社区、论坛、google、baidu等）开展营销活动，提高公司网站访问量；\r\n5、 良好的职业操守和组织协调能力，逻辑思维能力强，出色的判断与决策能力、文字处理能力；逻辑思维能力强，具有敏锐的数据分析能力；\r\n6、 高度的责任心、作风稳健，细致、果断、条理性强、讲究工作效率并能承受较大的工作压力；优秀的团队意识，良好的人际关系处理能力。'),
(41, 'sjc1', '软件/互联网开发/系统集成', '网页设计/制作/美工', 'UI设计师', '4000', '6000', '0', '59', '职位描述 \r\n1、负责公司网站产品、无线产品的界面设计； \r\n2、配合运营部门完成活动海报、专题设计、以及相关宣传广告设计； \r\n3、负责根据需求策划、设计整体UI产品解决方案； \r\n4、负责与业务部门保持良好的沟通，共同推进全网站和其他产品的视觉风格统一工作。\r\n任职资格\r\n1、具有计算机、广告、艺术设计等相关专业，大专以上学历的教育背景；\r\n2、了解交互设计的基本知识，熟悉用户体验设计工作原理； \r\n3、具有良好的视觉设计能力，优秀的布局感和色彩感，熟悉互联网流行的WEB风格； \r\n4、具备良好的团队合作精神，良好的领悟力和沟通能力及高度的责任心； \r\n5、精通Photoshop、Illustrator、Flash、Icon workshop等相关设计软件； \r\n6、有餐饮行业项目经验、精通DIV+CSS会制作静态页面者优先。'),
(42, 'sjc2', '软件/互联网开发/系统集成', '软件工程师', 'C#工程师', '6000', '15000', '2', '60', '任职要求：\r\n1、具有2年以上(4年以下,包括4年)C# asp.net 开发经验。\r\n2、熟练css、javascript、div+css、jquery、ajax等前端开发。 \r\n3、熟悉使用SQL Server、MySQL、Oracle 等，至少一种数据库。\r\n4、熟练SQL语句：存储过程、视图、游标、函数、触发器等的开发。 \r\n5、熟练B/S系统的代码优化、安全性。 \r\n6、至少有一年B/S实际开发经验，最好具有独立开发系统模块工作经验。 \r\n7、具有良好的沟通与学习能力，能够承受工作压力，尽职尽责，具有团队精神。\r\n\r\n岗位职责：\r\n1、参与软件需求分析\r\n2、参与软件模块的设计\r\n3、负责开发、单元测试\r\n4、协助测试人员集成测试\r\n5、参与软件部署\r\n6、负责软件的维护、性能优化及持续改进\r\n7、协助售后提供技术支持'),
(43, 'zxy2', '软件/互联网开发/系统集成', '系统架构设计师', '资深JAVA架构工程师', '6000', '8000', '4', '61', '1.4年以上JAVA开发经验；\r\n2.熟悉J2EE模式，熟悉MVC架构，熟练掌握Struts、Spring、Hibernate、JUnit等；\r\n3.熟悉Tomcat等应用服务器，并能对其进行优化配置；\r\n4.精通面向对象分析设计，具备数据结构设计能力和经验； \r\n5.优秀的编程效率，良好的编码习惯；\r\n6.具备学习钻研能力，逻辑思维能力，创新意识 ，较好的团队协作精神；\r\n7.具有大型软件开发经验，尤其是云平台、大数据处理的开发经验。'),
(44, 'zxy2', '软件/互联网开发/系统集成', '软件工程师', '高级.Net开发工程师', '7000', '8000', '0', '62', '岗位职责 \r\n1、 按软件开发流程和生命周期进行软件开发，及时交付工作\r\n2、 开发大型Web应用系统\r\n3、 进行系统分析与架构\r\n4、 根据项目需求分析、设计系统，编写开发设计文档\r\n5、 编写实现代码、进行单元测试 \r\n6、 分析并解决程序产生的BUG\r\n7、 部署/发布系统 \r\n8、 提供系统维护、扩展/升级的技术支持\r\n9、 Review其他工程师的代码\r\n10、给其他工程师进行技术培训\r\n\r\n\r\n任职资格 \r\n1、 计算机及相关专业毕业，本科以上学历，英语四级或以上，或具有同等工作经历经验；\r\n2、 具有软件开发生命周期管理的知识\r\n3、 熟练掌握ASP.Net, Windows Form开发，精通C#、Javascript、XML、CSS\r\n4、 精通SQL SERVER和ADO.NET编程； \r\n5、 具有良好的沟通能力和团队合作精神；\r\n6 、具有多个项目的实际经验'),
(45, 'zxy2', '软件/互联网开发/系统集成', '用户界面（UI）设计', '初级UI工程师', '4000', '6000', '0', '63', '岗位职责：\r\n1. 参与产品规划构思和创意过程\r\n2. 参与业务需求分析，并加以分解、归纳出产品人机交互界面需求\r\n3. 使用原型设计工具设计交互原型，表达设计方案\r\n4. 在主管的指导下完成设计软件的人机交互界面、用户操作流程等，提升产品的用户体验\r\n\r\n任职资格：\r\n1. 艺术设计，美术相关专业，具有较强的美术功底，有较高的审美与眼界。\r\n2. 熟练掌握Photoshop、Illustrator等设计软件；熟练使用Axure等原型设计工具。\r\n3. 追求细节，追求完美的视觉设计精神。\r\n4. 注重用户体验，对用户需求有深入理解。\r\n5. 能够优化现有产品的交互设计，提升用户体验。\r\n6. 具有较强的理解、领悟能力、工作协调能力和创造力，具有团队合作精神。\r\n7. 有互联网或软件行业UI工作经验，有成功案例者优先\r\n8. 为人诚信，有责任感，工作效率高。\r\n \r\n具备以下条件优先考虑：\r\n1、 具有互联网产品设计经验，有用户体验相关经验者。\r\n2、 熟悉HTML, CSS, Javascript\r\n3、 有手绘功底。'),
(46, 'zxy2', '软件/互联网开发/系统集成', '高级软件工程师', '资深IOS架构工程师', '15000', '20000', '8', '64', '岗位职责：\r\n1. 负责iPhone应用程序的开发；\r\n2. 独立完成手机软件设计、编码和单元测试工作，确保开发质量； \r\n3. 对开发的产品进行必要的测试、维护和升级；\r\n4. 遇到问题能积极主动学习并解决问题； \r\n5. 参与产品需求的沟通、讨论和协调。\r\n\r\n\r\n\r\n任职要求： \r\n1.计算机及相关专业，大专以上学历；\r\n2.至少两年以上 iOS 平台开发经验， \r\n3.熟悉MAC IOS X开发环境，能够熟练运用XCODE开发工具；以及 Objective-C 语言 ,熟悉 iPhone UI框架；，具备独立分析和解决问题的能力；\r\n4.曾在移动互联网公司任职者优先，对iPhone和移动平台的应用软件软件开发有浓厚的兴趣；\r\n5.熟悉网络通讯，熟悉SSL、TCP/IP，有网络编程基础者优先；\r\n6.具有网络应用（HTTP、SOAP、REST等）的开发经验，熟悉网络通讯开发技术者优先；\r\n7.有蓝牙开发经验者优先\r\n8.提供个人作品或前一家公司内参与项目作品者优先。'),
(47, 'zxy2', 'IT质量管理/测试/配置管理', '软件测试', '软件测试工程师', '4000', '6000', '2', '65', '任职要求：\r\n1.计算机及相关专业本科以上学历，1年以上测试经验 \r\n2.CET6，能处理与欧美客户的英文邮件往来 \r\n3.熟悉测试理论、能编写规范的测试用例\r\n4.良好的责任心和理解表达力、执行力 \r\n5.良好的逻辑思维能力和侦错能力 \r\n6.换位思考能力，善于以特定应用环境使用者身份思考和发现软件存在的问题 \r\n7.具备海外软件项目测试经验者优先'),
(48, 'zxy2', 'IT管理/项目协调', 'IT项目经理/主管', '高级软件项目经理', '6000', '10000', '4', '66', '职位描述：\r\n1、 负责研发团队的项目管理，及与客户沟通需求；\r\n2、 制定项目开发计划，根据进度安排进行任务分配；\r\n3、 负责研发计划的实施，把控项目进度；\r\n4、 项目组人员调配；监督、指导组内工程师的工作进展，提供所需的指导、支持、协调；\r\n5、 负责对项目组成员的工作绩效进行评估、反馈；帮助团队员工不断学习和提高工作能力；\r\n6、 负责项目对外的接口与联络、协调工作。\r\n\r\n任职要求：\r\n1 本科及以上学历，计算机或相关专业；具备3年以上软件项目管理经验；\r\n2.了解目前主流的开发模式和架构，了解数据库管理系统和数据库管理技术；\r\n3.有强烈的事业心，工作认真负责、突出的沟通协调能力、学习能力强；\r\n4.具有良好的团队合作精神和优秀的领导、组织协调能力；负责过国外软件外包项目者，或具备PMP证书者优先考虑。\r\n'),
(49, 'zxy2', '软件/互联网开发/系统集成', '软件工程师', '.NET软件工程师', '9000', '10000', '2', '67', '岗位职责 \r\n1、 按软件开发流程和生命周期进行软件开发\r\n2、 开发大型Web应用系统/大型网站等\r\n3、 根据项目要求，完成软件项目的可行性与需求分析 \r\n4、 系统设计，编写实现代码、进行单元测试 \r\n5、 按要求编写开发设计文档\r\n6、 部署/发布系统 \r\n7、 提供系统维护、扩展/升级的技术支持\r\n8、 负责业务系统技术支持\r\n\r\n\r\n任职资格 \r\n1、 计算机及相关专业毕业，或具有同等工作经历经验，本科以上学历，英语四级或以上； \r\n2、 两年以上.NET平台下WEB开发经验； \r\n3、 精通Ajax、JavaScript、html5等前端技术，精通Jquery或者Prototype，有Flash、ActionScript经验者优先\r\n4、 精通XML、CSS;熟悉MVC框架；精通SQL SERVER； \r\n5、 精通C#,ASP.NET，对ADO.NET方面的编程非常熟练；\r\n6、 具有良好的沟通能力和团队合作精神；\r\n7 、有大型网站或Web应用系统开发实际工作经验者优先考虑。'),
(50, 'zxy3', '软件/互联网开发/系统集成', '网页设计/制作/美工', '设计员', '4000', '6000', '2', '68', '\r\n熟悉photoshop和coreldraw\r\n可以制作GIF图片'),
(51, 'sjc3', '软件/互联网开发/系统集成', '软件工程师', '初级软件开发工程师', '6000', '15000', '2', '69', 'Requirements:\r\n-BS or equivalent degree in computing software technologies.\r\n-At least 1-3 yrs. of software development experience.\r\n-Successful work experience in software design and development methodologies.\r\n-Must have experience programming in C#, ASP.NET, developing Client Server and Web Applications. \r\n-Strong interpersonal, problem solving, and analytical skills.\r\n-Good written and verbal communication skills in English.\r\n-Must be a Team player.\r\n\r\nJob Description: \r\n-Implements software projects based on formal requirements.\r\n-Applies generally accepted programming standards and techniques to assure efficient program logic and data manipulation.\r\n-Participates in designing, coding, testing, debugging, configuring, and documenting applications and software, in particular financial accounting package development. \r\n-Conducts compatibility tests with other software programs, hardware, multiple operating systems, and network environments.\r\n-Performs unit and integration testing as needed.'),
(52, 'sjc3', 'IT质量管理/测试/配置管理', '软件测试', '初级软件测试工程师', '4000', '6000', '1', '70', 'Entry Level Software Test Engineer/QA Engineer\r\nPlease submit both your English and Chinese resumes\r\n \r\nRequirements：\r\n-BS or equivalent degree in computing software technologies\r\n-Good fundamental programming concepts\r\n-Experience with Microsoft Windows 8, Windows Server 2008/2012, and SQL Server 2000/2005/2008\r\n-Familiar with ERP and CRM is highly desired.\r\n-Strong interpersonal, problem solving, and analytical skills\r\n-Good written and verbal communication skills in English\r\n-Must be a Team player\r\n-Familiar with .NET programming languages is a plus.\r\n \r\n \r\nJob Descriptions：\r\n-Tests software programs to verify requirements and functional specifications are met.\r\n-Identifies, analyzes, documents defects, questionable functions, errors, and inconsistencies in software functions, outputs, online screens, and content.\r\n-Creates test plans, test cases and test data.\r\n-Installs, maintain, and use testing software programs.\r\n-Conducts compatibility tests with other software programs, hardware, multiple operating systems, and network environments.\r\n-Monitors program performance after implementation to prevent recurrence of program operating problems and ensure efficiency of operation.\r\n-Documents, analyses, tracks test results and unresolved problems.\r\n-Responds to inquiries from users and technical support regarding functions and operations of software programs.\r\n-Contributes to establishment of high quality standards and procedures for program testing. Recommends program improvements or revisions to system analysts.'),
(53, 'zxy4', '软件/互联网开发/系统集成', '高级软件工程师', 'android工程师', '9000', '10000', '2', '71', '一、工作职责：\r\n1、从事Android智能手机应用软件的分析、设计、编码和单元测试；\r\n2、参与客户端逻辑的开发工作；\r\n3、在项目经理指导下，按照需求和设计进行软件开发或测试工作；\r\n4、负责根据项目需求编写分析设计文档和代码；\r\n二、任职要求\r\n1、精通Android手机软件开发，二年以上Android平台软件开发经验;\r\n2、熟悉jquery、ajax的web开发，熟悉Html5在Android系统或ios系统中的开发；\r\n3、熟悉一种.NET或Java语言的程序开发，有数据库开发经验;\r\n4、熟悉ios下object-c开发者优先。'),
(54, 'sjc4', '软件/互联网开发/系统集成', '网页设计/制作/美工', '网页美工', '4000', '6000', '2', '72', '工作内容：\r\n1.负责网页界面的美术设计、创意工作和制作工作\r\n2.根据公司产品，提出构思新颖、有高度吸引力的创意设计\r\n3.对页面进行优化，使用户操作更趋于人性化\r\n任职要求：\r\n1.男，大学专科以上学历\r\n2.精通Photoshop、CDR、PS、Flash GIF等图形软件，Dreamweaver等网页制作工具，能够独立完成静态网页设计工作\r\n3.熟练操作常用办公软件，且具备其它软件应用能力；熟悉html，CSS，javascript，Ajax\r\n4.具备良好的审美能力、自己会画图，有较强的色彩搭配能力\r\n5.有广告公司经验优先录用'),
(55, 'sjc4', '软件/互联网开发/系统集成', '用户界面（UI）设计', 'APP.UI设计师', '4000', '6000', '2', '73', '岗位职责： \r\n1、负责公司客户端产品的UI设计（手机软件界面/网站界面/图标设计等）\r\n2、参与前期产品规划及视觉研究\r\n\r\n3、分析业务需求、并加以分解归纳出产品人机交互界面体验设计需求\r\n\r\n4、熟悉网站设计和制作，有设计Banner及Landing page的经验；主要是对公司产品界面进行设\r\n \r\n计和调整;\r\n \r\n岗位要求：\r\n（1） 精通网页设计/美工及平面设计\r\n（2） 精通APP设计\r\n（3） 熟悉公司宣传画册等的设计\r\n（4） 工作1-3年，有相关工作经验，能吃苦\r\n（5） 熟悉CSS、HTML、JS、Axure开发人员优先,熟悉产品设计和策划的人员优先'),
(56, 'sjc4', '软件/互联网开发/系统集成', '软件工程师', '.NET程序员', '6000', '15000', '4', '74', '负责根据需求对网站进行.NET编程和开发：\r\n工作内容\r\n1、有一年以上的独立开发建网工作经验；熟练掌握IIS .NET SQL2008 oracle JS,ajaxpost XML/XSLT,JSON编程技术编程开发；\r\n2、熟练运用VS2013，Dreamweaver编辑开发工具；\r\n3、计算机专业毕业本科以上学历；\r\n4、有良好的职业道德,有良好的逻辑思维能力,能独立开发网站优先；\r\n \r\n要求：\r\n \r\n一年以上工作经验，能独立开发过网站\r\n能吃苦耐劳，有良好的团队合作精神'),
(57, 'sjc4', '互联网产品/运营管理', '网络运营专员/助理', '网站推广员', '2000', '4000', '0', '75', '工作内容和任职资格\r\n \r\n1、负责网络业务的推广，广告宣传单的发放。\r\n2、具备一定的外联能力，与社区、居委会、物业公司等单位联系，联合组织开展线下交友动。\r\n3、对互联网行业有一定的了解，有产品线上推广有一定的认知。\r\n4、应届毕业生可以考虑。\r\n \r\n欢迎有激情有活力的年轻人加入！'),
(58, 'sjc4', '软件/互联网开发/系统集成', '网页设计/制作/美工', '网站美工', '2000', '4000', '2', '76', '岗位职责\r\n \r\n1.负责网页界面的美术设计、创意工作和制作工作\r\n2.根据公司产品，提出构思新颖、有高度吸引力的创意设计\r\n3.对页面进行优化，使用户操作更趋于人性化\r\n \r\n任职要求：\r\n \r\n1.精通Photoshop、Illustrator、Flash GIF等图形软件，html5、Dreamweaver等网页制作工具，能够独立完成静态网页设计工作\r\n2.熟练操作常用办公软件，且具备其它软件应用能力；熟悉html，CSS，javascript，Ajax\r\n3.具备良好的审美能力、深厚的美术功底，有较强的平面设计和网页设计能力'),
(59, 'sjc4', '软件/互联网开发/系统集成', '手机软件开发工程师', 'Android软件工程师', '10000', '15000', '2', '77', '岗位职责： \r\n1. 负责基于Android平台手机应用软件的设计、开发； \r\n2. 负责相关技术文档编写。 \r\n\r\n任职资格： \r\n1. 电子、计算机科学等相关专业本科以上学历； \r\n2. 具备三年以上软件开发工作经验； \r\n3. 熟悉Java服务端和客户端技术者优先； \r\n4. 精通Java语言及常用库； \r\n5. 熟悉Android SDK、PDK开发环境及开发流程，熟悉XMPP协议，精通Android的体系架构、UI、 多媒体和网络应用的开发； \r\n6. 熟悉Socket网络编程，熟悉TCP/IP、HTTP和XML等相关协议； \r\n7. 有良好的代码习惯，要求结构清晰，命名规范，逻辑性强，代码冗余率低； \r\n8. 能够熟练阅读英文资料，具备快速学习能力； \r\n9. 工作责任心强，积极主动，思路清晰有条理，有良好的团队协作精神；'),
(60, 'sjc4', '软件/互联网开发/系统集成', '软件工程师', '数据库员管理员', '6000', '15000', '0', '78', '岗位职责：\r\n1、进行业务系统数据库的规划、设计、实施，设计并优化数据库物理建设方案\r\n2、对数据库进行管理，负责数据库应用系统的运营及监控；\r\n3、业务系统数据库的定期维护和异常处理；\r\n4、对数据库性能分析与调优，排错，保证数据安全；\r\n5、对数据库进行定期备份、和按需恢复；\r\n6、配合其他部门进行的数据处理、查询，统计和分析工作。 \r\n7、负责JSON接口编写与系统进行交互\r\n\r\n岗位要求：\r\n1、计算机相关专业，大专及以上学历；\r\n3、精通关系数据库原理,熟悉数据库系统的规划、安装、配置、性能调试，\r\n4、精通SQL脚本的编写，有丰富的数据库管理、运维调优经验；\r\n5、熟练使用数据库管理、分析、设计工具；\r\n6、快速处理系统突发事件的能力，较强的学习和创新能力；\r\n7、良好的良好的沟通能力、团队合作精神。\r\n8、熟练JSON技术'),
(61, 'sjc4', '软件/互联网开发/系统集成', '软件工程师', 'ASP/PHP网站程序开发员', '6000', '15000', '2', '79', '职位描述：\r\n1.公司门户网站开发与维护\r\n2.公司内部管理系统改进与优化\r\n3.根据公司业务发展开发新的网上平台。\r\n开发语言： ASP php  XML/XSLT\r\n数据库：My SQL   SQL2005\r\n\r\n岗位要求：\r\n1、精通Windows平台下ASp或PHP SQL程序设计，精通静态网页生成HTML、CSS、 SQL2005数据库。\r\n2、两年以上能够使用ASP/PHP语言独立开发网站，精通/XML/XSLT编程；熟悉JSON技术\r\n3、了解大型网站的设计、规划和制作流程，参与过至少一个大型成功项目的开发工作；\r\n5、思想活跃、勤奋敬业，能够承受较大工作压力；\r\n6、善于沟通技术问题、善于表达自我；\r\n7、能熟练运用数据库的各种优化方法；\r\n8、有站点，服务器管理经验者优先；'),
(62, 'sjc4', '互联网产品/运营管理', '网络运营管理', '网站运营经理', '4000', '6000', '2', '80', '1、负责网站整体运营，制定网站运营策略、方案和计划并组织执行；  \r\n2、统计、分析各类网站数据，提出改进方案；\r\n3、负责网络推广团队的组建和培训考核管理工作；\r\n4、结合网站的特点，负责各种活动的策划和实施工作；\r\n5、负责市场分析和调研，起草方案完善网站的布局规划和产品；\r\n要求：\r\n1、有大型网站运营经验，熟悉音视频聊天系统操作和运营者优先；\r\n2、有较强的事业心和职责道德，思想健康，作风正派；\r\n3、有过三年以上的团队管理建议管理考核经验，有良好的沟通协调能力；\r\n4、有较强的执行力；\r\n5、有较强的网络推广能力和活动的策划能力；'),
(63, 'sjc4', '软件/互联网开发/系统集成', '游戏设计/开发', 'c++程序开发员', '6000', '8000', '2', '81', '一、主要工作职责：\r\n负责需求对客户端和服务器端进行软件编程开发；\r\n \r\n二、任职条件：\r\n1、熟练运用C++进行程序设计，熟练使用MFC；\r\n2、使用SQL2005数据库开发；\r\n3、熟悉socket TCP/IP/UDP等网络协议等多线路程编程技术\r\n4、熟悉音视频编解码技术。\r\n5、有从事过即时通信或聊天室软件开发经验。\r\n6、有良好的沟通能力和团队合作精神。');
INSERT INTO `recruiter_demand` (`id`, `username`, `demand_field`, `demand_job`, `demand_jobname`, `demand_salary_min`, `demand_salary_max`, `demand_experience`, `id_cloud`, `demand_detail`) VALUES
(64, 'zxy5', '软件/互联网开发/系统集成', '网页设计/制作/美工', '网站美工', '4000', '6000', '1', '82', '【岗位职责】 \r\n1. 负责公司网站页面的整体美工创意、设计和页面的实现(网站风格及商品展示设计，首页广告图片制作及美化、产品图片等)；\r\n2. 配合网站推广工作进行美工设计（各推广渠道的活动广告相关图片设计及制作等）；\r\n3. 网站专题页面美工设计与制作 \r\n【任职资格】\r\n1、大学专科及以上学历，美术、广告、平面设计等相关专业，1年以上网站美工相关经验；\r\n2、熟练photoshop等平面设计软件,有较高的美术基础和审美能力，能给客户以视觉冲击，眼界开阔、敏锐、独到，富有美感、创造力、想象力，对色彩和线条等网页相关元素敏感，精通图像处理文字编辑及网页布局；\r\n3、开朗大方，有良好的语言表达能力、沟通能力及团队协作能力。\r\n【福利】：五险一金、带薪年假、绩效奖金、餐补、通讯补贴、交通补贴、节日福利、员工旅游、出国机会、年终奖、周末双休、股票期权、活动聚餐\r\n【晋升】：公司所有的管理人员全部为内部晋升，不接受“空降兵”\r\n每天不限时提供免费零食、咖啡、饮料……\r\n更多岗位信息请搜索“美途网”……\r\n\r\n【为什么选择我们】\r\n你年轻而充满激情？你踏实又求知若渴？你很有想法且目标远大？\r\n但现在的工作除了让你感慨“理想很丰满，现实很骨感”之外，毫无收获。\r\n你是否感觉怀才不遇，失去了方向，却无奈地为了生活硬扛着？\r\n也许，你不止一次在下班的时候，\r\n挤在窒息的公交车上，咬牙切齿地设想出无数条通往更有前途的未来之路，\r\n但，第二天，闹铃响了？穿衣服上班。一切照旧！\r\n其实有时，选择比坚持更重要。\r\n如果你不甘于现状，渴望找到快速成长的平台，\r\n那请你看过来，我们和你一样，有梦想、有态度、有原则、有底线！\r\n让旅游和电子商务擦出火花，\r\n用互联网的开放精神改善旅游体验，最终推动行业进步\r\n这，就是我们正在做的事。\r\n我们的Boss温和幽默，团队氛围轻松开放且乐于分享；\r\n只要你不放弃，我们就不抛弃。\r\n趁着年轻，趁着这场饕餮盛宴才刚刚开始，\r\n抓住时机，和我们一起做一份有意义、有挑战性的事业吧！\r\n【企业使命】 改善旅游体验，推动行业进步\r\n【企业宣言】 永远争第一\r\n【核心价值观】 诚信 使命 创造价值\r\n【经营理念】 建设系统、打造品牌、经营渠道\r\n【人才理念】 美途因你而不同'),
(65, 'zxy5', '软件/互联网开发/系统集成', '互联网软件工程师', 'PHP工程师', '4000', '6000', '2', '83', '岗位职责： \r\n1、负责公司网站的Web开发工作，包括后台和前端脚本的开发； \r\n2、负责WEB程序的性能优化和用户体验优化，包括不同浏览器及版本的兼容问题；\r\n3、负责网站、服务器等的维护工作。\r\n\r\n任职资格：\r\n1、两年以上网站开发经验； \r\n2、品行端正，作风踏实；\r\n3、有创新能力，对新事物接受能力强;\r\n4、精通LAMP程序设计及开发，拥有良好的代码习惯，要求结构清晰，命名规范，逻辑性强，代码冗余率低； \r\n5、熟悉Web相关开发技术：有开源架构代码的分析能力，可以使用zend framework和jquery框架进行开发、熟练掌握XML、HTML/XHTML、CSS、Javascript、AJAX、JSON等Web页面技术； \r\n6、熟悉Linux开发环境和SVN，有大型网站开发经验者优先；\r\n7、注重效率，能适应高强度、快节奏的工作环境，有激情，有强烈的团队协作意识。\r\n\r\n【福利】：五险一金、带薪年假、绩效奖金、餐补、通讯补贴、交通补贴、节日福利、员工旅游、出国机会、年终奖、业绩奖金、周末双休、股票期权、活动聚餐\r\n \r\n【晋升】：公司所有的管理人员全部为内部晋升，不接受“空降兵”\r\n \r\n每天不限时提供免费零食、咖啡、饮料……\r\n \r\n更多岗位信息请搜索“美途网”……\r\n \r\n【为什么选择我们】 \r\n\r\n你年轻而充满激情？你踏实又求知若渴？你很有想法且目标远大？ \r\n\r\n但现在的工作除了让你感慨“理想很丰满，现实很骨感”之外，毫无收获。 \r\n\r\n你是否感觉怀才不遇，失去了方向，却无奈地为了生活硬扛着？ \r\n\r\n也许，你不止一次在下班的时候， \r\n\r\n挤在窒息的公交车上，咬牙切齿地设想出无数条通往更有前途的未来之路， \r\n\r\n但，第二天，闹铃响了？穿衣服上班。一切照旧！ \r\n\r\n其实有时，选择比坚持更重要。 \r\n\r\n如果你不甘于现状，渴望找到快速成长的平台， \r\n\r\n那请你看过来，我们和你一样，有梦想、有态度、有原则、有底线！ \r\n\r\n让旅游和电子商务擦出火花， \r\n\r\n用互联网的开放精神改善旅游体验，最终推动行业进步 \r\n\r\n这，就是我们正在做的事。 \r\n\r\n我们的Boss温和幽默，团队氛围轻松开放且乐于分享； \r\n\r\n只要你不放弃，我们就不抛弃。 \r\n\r\n趁着年轻，趁着这场饕餮盛宴才刚刚开始， \r\n\r\n抓住时机，和我们一起做一份有意义、有挑战性的事业吧！\r\n\r\n【企业使命】 改善旅游体验，推动行业进步 \r\n\r\n【企业宣言】 永远争第一 \r\n\r\n【核心价值观】 诚信 使命 创造价值 \r\n\r\n【经营理念】 建设系统、打造品牌、经营渠道 \r\n\r\n【人才理念】 美途因你而不同\r\n\r\n'),
(66, 'zxy5', '软件/互联网开发/系统集成', '网页设计/制作/美工', '网页制作', '4000', '5000', '2', '84', '任职资格：\r\n1. 专业不限，大专及以上学历；\r\n2. 两年以上相关网页制作工作经验，有独立制作运营类网站的经验；\r\n3. 精通 Dreamweaver ， Photoshop 等工具；\r\n4.精通 XHTML、DIV+CSS、JavaScript、Ajax等页面技术，能够调用修改javascript、jqurey脚本代码，确保页面代码对各种浏览器的良好兼容性；\r\n5. 对网站的页面制作有整体规划的能力，能根据设计师的设计风格延续发挥更多的页面； \r\n6. 工作踏实，有责任心，有团队精神，能适应较强的工作压力\r\n \r\n工作职责：\r\n1.  负责公司产品的界面制作、编辑、美化等工作；\r\n2.  负责与设计师和开发人员配合，高效率高质量地完成页面的实现工作；\r\n3.  负责网站页面特效实现及优化工作；\r\n4.  协助商务、执行编写页面制作、优化、用户体验等相关的技术文档；\r\n \r\n【福利】：五险一金、带薪年假、绩效奖金、餐补、通讯补贴、交通补贴、节日福利、员工旅游、出国机会、年终奖、业绩奖金、周末双休、股票期权、活动聚餐\r\n \r\n【晋升】：公司所有的管理人员全部为内部晋升，不接受“空降兵”\r\n \r\n每天不限时提供免费零食、咖啡、饮料……\r\n \r\n更多岗位信息请搜索“美途网”……\r\n \r\n【为什么选择我们】\r\n \r\n你年轻而充满激情？你踏实又求知若渴？你很有想法且目标远大？\r\n \r\n但现在的工作除了让你感慨“理想很丰满，现实很骨感”之外，毫无收获。\r\n \r\n你是否感觉怀才不遇，失去了方向，却无奈地为了生活硬扛着？\r\n \r\n也许，你不止一次在下班的时候，\r\n \r\n挤在窒息的公交车上，咬牙切齿地设想出无数条通往更有前途的未来之路，\r\n \r\n但，第二天，闹铃响了？穿衣服上班。一切照旧！\r\n \r\n其实有时，选择比坚持更重要。\r\n \r\n如果你不甘于现状，渴望找到快速成长的平台，\r\n \r\n那请你看过来，我们和你一样，有梦想、有态度、有原则、有底线！\r\n \r\n让旅游和电子商务擦出火花，\r\n \r\n用互联网的开放精神改善旅游体验，最终推动行业进步\r\n \r\n这，就是我们正在做的事。\r\n \r\n我们的Boss温和幽默，团队氛围轻松开放且乐于分享；\r\n \r\n只要你不放弃，我们就不抛弃。\r\n \r\n趁着年轻，趁着这场饕餮盛宴才刚刚开始，\r\n \r\n抓住时机，和我们一起做一份有意义、有挑战性的事业吧！\r\n \r\n【企业使命】改善旅游体验，推动行业进步\r\n \r\n【企业宣言】永远争第一\r\n \r\n【核心价值观】诚信 使命 创造价值\r\n \r\n【经营理念】建设系统、打造品牌、经营渠道\r\n \r\n【人才理念】美途因你而不同'),
(67, 'zxy5', '互联网产品/运营管理', '网络运营管理', '淘宝运营', '4000', '5500', '0', '85', '岗位描述 \r\n1、负责淘宝店铺各项官方、非官方发起的营销活动的接洽工作； \r\n2、负责淘宝店铺及店内商品的搜索关键字优化策略，使商品排名靠前； \r\n3、负责淘宝平台付费推广（直通车、钻展、淘宝客、手机淘宝等）优化、总结并控制投入产出； \r\n4、能根据本店的销售情况制定合适的促销计划； \r\n5、定期针对推广效果进行跟踪、评估，及时提出营销改进措施，给出切实可行的改进方案。 \r\n\r\n任职需求 \r\n1、一年及以上淘宝平台运营经验。\r\n2、熟悉搜索引擎优化，善于提升网店的实际流量；\r\n3、熟悉淘宝免费平台推广的规则、操作、效果评估；\r\n4、精通淘宝促销活动规则、操作、效果评估；\r\n5、擅长淘宝直通车、钻展、淘宝客、手机淘等推广渠道和手段，并且有实际操作经验； \r\n6、能根据销售目标统筹整理并制定执行有效推广方案；更多岗位信息请搜索“美好旅途”……\r\n【福利】：五险一金、带薪年假、绩效奖金、餐补、通讯补贴、交通补贴、节日福利、员工旅游、出国机会、年终奖、业绩奖金、周末双休、股票期权、活动聚餐\r\n \r\n【晋升】：公司所有的管理人员全部为内部晋升，不接受“空降兵”\r\n \r\n每天不限时提供免费零食、咖啡、饮料……\r\n \r\n更多岗位信息请搜索“美途网”……\r\n【为什么选择我们】 \r\n你年轻而充满激情？你踏实又求知若渴？你很有想法且目标远大？\r\n但现在的工作除了让你感慨“理想很丰满，现实很骨感”之外，毫无收获。 \r\n你是否感觉怀才不遇，失去了方向，却无奈地为了生活硬扛着？ \r\n也许，你不止一次在下班的时候，\r\n挤在窒息的公交车上，咬牙切齿地设想出无数条通往更有前途的未来之路， \r\n但，第二天，闹铃响了？穿衣服上班。一切照旧！\r\n其实有时，选择比坚持更重要。\r\n如果你不甘于现状，渴望找到快速成长的平台， \r\n那请你看过来，我们和你一样，有梦想、有态度、有原则、有底线！ \r\n让旅游和电子商务擦出火花， \r\n用互联网的开放精神改善旅游体验，最终推动行业进步\r\n这，就是我们正在做的事。 \r\n我们的Boss温和幽默，团队氛围轻松开放且乐于分享； \r\n只要你不放弃，我们就不抛弃。 \r\n趁着年轻，趁着这场饕餮盛宴才刚刚开始， \r\n抓住时机，和我们一起做一份有意义、有挑战性的事业吧！ \r\n【企业使命】改善旅游体验，推动行业进步 \r\n【企业宣言】永远争第一 \r\n【核心价值观】诚信 使命 创造价值 \r\n【经营理念】建设系统、打造品牌、经营渠道\r\n【人才理念】美途因你而不同 '),
(68, 'zxy6', 'IT质量管理/测试/配置管理', '软件测试', '软件测试工程师(手机、移动端方向）', '4000', '5500', '1', '86', '职位描述：\r\n \r\n根据产品规格和测试需求，编写测试计划、测试用例。\r\n \r\n任职要求：\r\n \r\n1、根据产品规格和测试需求，编写测试计划、测试用例；\r\n2、负责平台各产品的功能、性能测试、自动化测试工作；\r\n3、分析测试结果，完成测试报告，提交测试总结文档；\r\n4、测试过程中发现的bug，并负责缺陷的跟踪和管理；\r\n5、与开发组协作实现各阶段的测试活动；能评估测试工作的有效性；参与测试评审。\r\n6、根据测试结果，与项目组成员沟通测试情况；\r\n7、熟悉软件测试流程和方法，有压力测试、性能测试经验优先；\r\n9、 具良好的语言表达能力，能与开发人员进行良好发沟通。\r\n10、工作严谨细致，勤奋踏实，责任心强；善于分析思考问题，既有较强时间观念和团队合作精神\r\n \r\n（公司性质：以云计算为基础的移动互联分众传媒。是科技文化类公司）'),
(69, 'zxy6', '软件/互联网开发/系统集成', '用户界面（UI）设计', 'UI设计师', '4500', '6000', '3', '87', '我们有：\r\n充分尊重和体现个人能力的舞台；\r\n每天下午茶各种冷饮、小点心供应；\r\n逢年过节小礼物送上；\r\n开放自由的办公环境；\r\n年轻有朝气的团队成员，你加班，我们陪你；\r\n老板她美丽漂亮，和大家一个锅里吃饭；\r\n最重要的是我们视你为家人；\r\n \r\n我们需要你：\r\n在家孝顺父母，出门尊重老大，待人接物认真负责；\r\n善于发现美的事物，玩得起PS，动的了AI，干得了AE；\r\n偶尔翻个墙，玩个手绘，拍几个软妹子和大家分享；\r\nflappy bird 坚持100关以上的，魂斗罗一条命通关，加分是肯定的。\r\n保护环境，热爱小动物的好青年。\r\n \r\n你唯一需要做的：\r\n用犀利的工具操作来书写美妙的设计语言，让它在人群中扩大，产生足够的影响力。\r\n画个ICON已不再是你的追求，牛X的界面才是真谛。\r\n \r\n准备好展现你的才华让万众敬仰了吗？赶紧联系我们吧！\r\n \r\n \r\n华丽丽的分割线============================================\r\n \r\n好吧，如果你觉得以上内容不好理解，那请参照下面的内容：\r\n \r\n岗位职责：\r\n1、主要负责公司APP、网页等项目产品的视觉设计工作；\r\n2、参与产品的前期概念设定，给予项目有效的视觉设计支持；\r\n3、团队协作高效开展设计工作，输出精美界面；\r\n4、参与制定设计流程和设计规范并使之不断完善；\r\n5、参与跟踪用户使用体验，提出优化建议，输出产品视觉迭代设计；\r\n \r\n任职要求：\r\n1、一年以上互联网视觉设计/GUI设计从业经验；\r\n2、艺术类专业、计算机应用或相关专业大专及以上学历（作品出众可放宽），具备手绘功底；\r\n3、抗压能力强，能够对视觉设计方向提出见解， 并完成相关视觉设计工作；\r\n4、精通相关设计软件（PS，AI，AE等），熟悉FLASH/HTML5/CSS等最佳；\r\n5、善于沟通，注重用户体验和设计细节，具备优秀的视觉表现能力。\r\n6、具备很强的责任心、创新精神及团队协作精神；\r\n7、有成功案例（需提供，无作品者勿扰）；\r\n \r\n工作地点：苏州园区创意泵站'),
(70, 'zxy7', '软件/互联网开发/系统集成', '软件工程师', 'Java开发工程师', '6000', '8000', '3', '88', '1、熟练掌握Java、HTML/Javascript，JSP/Servlet、JDBC等J2EE相关技术；\r\n2、熟悉主流数据库MySql或Oracle；\r\n3、熟悉WebLogic、Tomcat等Web服务器；\r\n4、精通MVC模式下的B/S开发，熟悉Struts/Hibernate/Spring等开源框架；\r\n5、熟悉JS脚本，有ext经验；\r\n6、熟悉常用设计模式；'),
(71, 'zxy7', '软件/互联网开发/系统集成', '高级软件工程师', '.net c# 高级软件工程师', '6001', '8000', '5', '89', '1、大专及以上学历，计算机或相关专业；\r\n2、.NET C#开发工作经验三年以上，其中必须有主要负责或独立开发的项目；\r\n3、熟悉掌握.NET(C#)开发语言，熟练应用VS.NET编程工具；\r\n4、熟悉 VS2008/VS2010 开发环境；\r\n5、熟悉SQL 或 OracleDatabase；\r\n6、熟悉Ajax 或 jQuery 佳；\r\n7、具有良好的代码和文档工作规范经验的优先；\r\n8、工作认真负责，学习能力强，能够在短时间内承担公司项目开发工作；\r\n9、有强烈的事业心和责任心，具有良好的团队合作精神。'),
(72, 'zxy7', '软件/互联网开发/系统集成', '软件工程师', '.net c# 软件工程师', '4001', '6000', '2', '90', '职位要求：\r\n1、.NET C#开发工作经验两年以上；\r\n2、熟悉 VS2008/VS2010 开发环境；\r\n3、熟悉SQL 或 Oracle Database；\r\n4.  熟悉Ajax 或 jQuery 尤佳\r\n5、工作认真负责，具有良好的团队合作精神'),
(73, 'zxy8', '软件/互联网开发/系统集成', '网页设计/制作/美工', '美工', '4000', '6000', '3', '91', '岗位要求：\r\n1、3年以上网页设计与美工工作经验，有扎实的美术功底，能独立完成静态网站设计与制作；\r\n2、精通DreamWeaver，Photoshop，Flash，Fireworks等相关软件工具；\r\n3、熟练运用Html，CSS编写网页，熟悉DIV+CSS布局；\r\n4、熟悉网站制作、设计流程，有较强的创意创新能力，有良好的色彩感觉，对色彩搭配、布局有独到的见解和人事；\r\n5、熟悉并掌握div+CSS架构，能够在规定时间内高校高质量地完场设计任务。\r\n\r\n岗位职责：\r\n1.熟练使用平面设计软件PS.AI,精通CorelDraw等相关设计软件。\r\n2. 负责公司平面宣传品的设计；负责网站页面的整体美工创意、设计和页面的实现\r\n3.逻辑思维清晰,做事认真、细致,表达能力强。具备良好的工作习惯。\r\n4.对色彩把握敏锐,具有把握不同风格页面的能力。相关美术、设计、广告专业毕业，专业精熟，良好的美术功底及艺术直觉。\r\n5.理解能力强，能根据营销策略将文案与平面设计进行深度融合\r\n6．认真做好各类信息和资料收集、整理、汇总、归档等工作，为公司旗下各项目的成功开发提供优质的素材；\r\n7. 负责与各部门的协调工作； '),
(74, 'zxy9', '软件/互联网开发/系统集成', '高级软件工程师', '高级软件工程师', '11000', '13000', '3', '92', '岗位要求：\r\n1、通信、计算机、电子工程、微电子和机电等相关专业，本科及以上学历\r\n2、多年通信设备开发经验\r\n3、优先考虑HW/H3C/ZTE等相关厂商开发经验者\r\n\r\n\r\n岗位职责：\r\n负责交换机/路由器/PTN/2PRAN/SDN等设备的模块开发，开发指导，解决疑难问题'),
(75, 'zxy9', '软件/互联网开发/系统集成', '嵌入式软件开发', 'Linux软件工程师', '8000', '10000', '3', '93', '1、嵌入式Linux BSP 维护，新功能开发，有内核开发，调试和优化相关经验；\r\n2、对Linux各子系统（进程管理、内存管理、驱动管理、网络）提供项目支持；\r\n3、对各版本的Linux进行跟踪。移植、维护；'),
(76, 'zxy9', 'IT质量管理/测试/配置管理', '系统测试', '资深测试工程师', '12000', '13000', '3', '94', '教育背景:\r\n通信、电子工程、自动化、计算机及其相关专业，本科以上学历\r\n经验:\r\n3年以上交换机/路由器/PTN相关工作经验\r\n技能技巧:\r\n1. 熟悉以下一个或者多个方向：\r\n1.1 熟悉以太网交换机、路由器，参与过相关协议的开发或者测试，如VLAN、OSPF、BGP、ISIS等二三层协议；\r\n1.2 熟悉城域以太网相关特性。如VPLS、VPWS、QinQ、MEF等；\r\n1.3 熟悉PTN/IP RAN相关特性。如G8113、G8131、G8132、BFD、FRR等；\r\n1.4 熟悉SDN相关技术。如Open Flow、Open Stacking、NvGRE、VxLAN等；\r\n1.5 熟悉交换机芯片相关；\r\n2. 熟练使用Ixia/Spirent等测试仪\r\n3. 能独立设计测试方案，并能搭建测试环境，指导或者执行测试\r\n4. 良好的沟通能力和积极的工作态度。能适应高强度工作压力\r\n工作内容：\r\n1. 参与传统/SDN/PTN等交换机产品的定义，特性的定义与评审\r\n2. 制定测试方案、计划，组织、驱动产品测试，check测试过程和结果，输出测试报告\r\n3. 执行测试计划、测试用例，组网测试、场景模拟测试，分析、复现客户问题\r\n4. 客户现场测试或者支持'),
(77, 'zxy9', '软件/互联网开发/系统集成', '软件工程师', '软件工程师', '5000', '6000', '2', '95', '岗位要求：\r\n1、通信、电子工程、计算机、自动化等相关专业；\r\n2、一年以上开发经验；\r\n3、开发过相关通信设备；\r\n\r\n\r\n工作职责：\r\n负责交换机/路由器/PTX/IPRAN等设备的模块开发，模块维护；'),
(78, 'zxy10', '软件/互联网开发/系统集成', '网页设计/制作/美工', '网页美工', '5000', '7000', '3', '96', '工作内容：\r\n1.负责网页界面的美术设计、创意工作和制作工作\r\n2.根据公司产品，提出构思新颖、有高度吸引力的创意设计\r\n3.对页面进行优化，使用户操作更趋于人性化\r\n任职要求：\r\n1.男，大学专科以上学历\r\n2.精通Photoshop、CDR、PS、Flash GIF等图形软件，Dreamweaver等网页制作工具，能够独立完成静态网页设计工作\r\n3.熟练操作常用办公软件，且具备其它软件应用能力；熟悉html，CSS，javascript，Ajax\r\n4.具备良好的审美能力、自己会画图，有较强的色彩搭配能力\r\n5.有广告公司经验优先录用\r\n '),
(79, 'zxy10', '软件/互联网开发/系统集成', '用户界面（UI）设计', 'APP.UI设计师', '6000', '8000', '3', '97', '岗位职责： \r\n1、负责公司客户端产品的UI设计（手机软件界面/网站界面/图标设计等）\r\n2、参与前期产品规划及视觉研究\r\n\r\n3、分析业务需求、并加以分解归纳出产品人机交互界面体验设计需求\r\n\r\n4、熟悉网站设计和制作，有设计Banner及Landing page的经验；主要是对公司产品界面进行设\r\n \r\n计和调整;\r\n \r\n岗位要求：\r\n（1） 精通网页设计/美工及平面设计\r\n（2） 精通APP设计\r\n（3） 熟悉公司宣传画册等的设计\r\n（4） 工作1-3年，有相关工作经验，能吃苦\r\n（5） 熟悉CSS、HTML、JS、Axure开发人员优先,熟悉产品设计和策划的人员优先'),
(80, 'zxy10', '软件/互联网开发/系统集成', '软件工程师', '.NET程序员', '6000', '8000', '4', '98', '负责根据需求对网站进行.NET编程和开发：\r\n工作内容\r\n1、有一年以上的独立开发建网工作经验；熟练掌握IIS .NET SQL2008 oracle JS,ajaxpost XML/XSLT,JSON编程技术编程开发；\r\n2、熟练运用VS2013，Dreamweaver编辑开发工具；\r\n3、计算机专业毕业本科以上学历；\r\n4、有良好的职业道德,有良好的逻辑思维能力,能独立开发网站优先；\r\n \r\n要求：\r\n \r\n一年以上工作经验，能独立开发过网站\r\n能吃苦耐劳，有良好的团队合作精神'),
(81, 'zxy10', '互联网产品/运营管理', '互联网产品经专员/助理', '网站推广员', '4000', '6000', '0', '99', '工作内容和任职资格\r\n \r\n1、负责网络业务的推广，广告宣传单的发放。\r\n2、具备一定的外联能力，与社区、居委会、物业公司等单位联系，联合组织开展线下交友动。\r\n3、对互联网行业有一定的了解，有产品线上推广有一定的认知。\r\n4、应届毕业生可以考虑。\r\n \r\n欢迎有激情有活力的年轻人加入！'),
(82, 'sjc5', 'IT质量管理/测试/配置管理', '软件测试', '手机软件测试工程师', '4000', '6000', '2', '100', '职位描述： \r\n1.按照测试管理流程，对android、ios客户端产品进行产品测试，完成产品的质量保证和发布 \r\n2.理解产品需求，结合用户使用场景进行测试用例的设计、讨论、完善和维护 \r\n3.编写测试计划和相关文档，对产品的功能、性能及其他方面的测试负责 \r\n4.执行测试，缺陷跟踪及趋势分析, 依据软件项目质量标准，评估和分析软件质量，提供改进建议 \r\n5.熟悉软件开发及测试流程，能够熟练运用多种测试工具 \r\n\r\n岗位要求： \r\n1.计算机或相关专业，1年以上手机软件测试经验 \r\n2.熟悉android系统结构，及App运行原理，熟练搭载测试环境，熟悉手机测试相关工具的使用 \r\n3.掌握完备的测试用例编写方法，包括编写系统测试用例；熟悉软件测试流程和测试方法 \r\n4.熟悉常用的bug管理跟踪工具（JIRA），能对软件开发中所有的Bug进行跟踪和统计分析 \r\n5.工作细心,踏实, 对手机App测试感兴趣，有较强的逻辑分析能力和学习能力；吃苦耐劳，能够承   受一定的工作压力 \r\n6.可根据需要编写测试脚本或工具者优先 \r\n7.进行后期的测试分析，编写测试报告及其他文档'),
(83, 'sjc5', '软件/互联网开发/系统集成', '软件工程师', '.NET c#工程师', '6000', '15000', '4', '101', '任职要求：\r\n1、大专及以上学历，计算机或相关专业；\r\n2、.NET C#开发工作经验三年以上，其中必须有主要负责或独立开发的项目；\r\n3、熟悉掌握.NET(C#)开发语言，熟练应用VS.NET编程工具；\r\n4、可独立完成前台网站建设，熟悉mssql佳\r\n5、熟悉Ajax , jQuery ,懂CSS佳；\r\n6、具有良好的代码和文档工作规范经验的优先；\r\n7、工作认真负责，学习能力强，能够在短时间内承担公司项目开发工作；\r\n薪资待遇，具体面议！\r\n联系方式\r\n公司名称：苏州青春之歌信息科技有限公司\r\n公司地址：苏州工业园区星湖街328号创意产业园1-B601\r\n联系电话：0512-62781179  18912794919 15106200112\r\n联 系 人：刘老师(HRD)  杨老师（运营）\r\n简历投递邮箱：qczg0415@163.com'),
(84, 'zxy10', '软件/互联网开发/系统集成', '手机软件开发工程师', 'Android软件工程师', '8000', '10000', '2', '102', '岗位职责： \r\n1. 负责基于Android平台手机应用软件的设计、开发； \r\n2. 负责相关技术文档编写。 \r\n任职资格： \r\n1. 电子、计算机科学等相关专业本科以上学历； \r\n2. 具备三年以上软件开发工作经验； \r\n3. 熟悉Java服务端和客户端技术者优先； \r\n4. 精通Java语言及常用库； \r\n5. 熟悉Android SDK、PDK开发环境及开发流程，熟悉XMPP协议，精通Android的体系架构、UI、 多媒体和网络应用的开发； \r\n6. 熟悉Socket网络编程，熟悉TCP/IP、HTTP和XML等相关协议； \r\n7. 有良好的代码习惯，要求结构清晰，命名规范，逻辑性强，代码冗余率低； \r\n8. 能够熟练阅读英文资料，具备快速学习能力； \r\n9. 工作责任心强，积极主动，思路清晰有条理，有良好的团队协作精神； '),
(85, 'zxy10', '互联网产品/运营管理', '互联网产品经理/主管', '网站运营经理', '6000', '8000', '2', '103', '1、负责网站整体运营，制定网站运营策略、方案和计划并组织执行；  \r\n2、统计、分析各类网站数据，提出改进方案；\r\n3、负责网络推广团队的组建和培训考核管理工作；\r\n4、结合网站的特点，负责各种活动的策划和实施工作；\r\n5、负责市场分析和调研，起草方案完善网站的布局规划和产品；\r\n要求：\r\n1、有大型网站运营经验，熟悉音视频聊天系统操作和运营者优先；\r\n2、有较强的事业心和职责道德，思想健康，作风正派；\r\n3、有过三年以上的团队管理建议管理考核经验，有良好的沟通协调能力；\r\n4、有较强的执行力；\r\n5、有较强的网络推广能力和活动的策划能力；'),
(86, 'sjc5', '软件/互联网开发/系统集成', '高级软件工程师', '移动应用开发高级工程师（苹果、安卓）', '10000', '20000', '4', '104', '职位要求：\r\n1、在Android或ios平台下的应用程序设计、开发、发布；\r\n2、Android或ios平台框架层面的开发维护以及扩展。\r\n3、跟进Android或ios的新技术发展，编写设计开发及实现文档；\r\n4、根据产品功能需求设计并完成软件实现。\r\n任职要求：\r\n1、本科及以上学历，电子、通讯、计算机及相关专业； \r\n2、3年以上开发 工作 经验，能够熟练使用Java或C#语言； \r\n3、具有1年以上 Android、Windows Mobile 、 iPhone/iPad等移动开发经验； \r\n4、熟悉无线网络及多媒体应用开发； \r\n5、良好的沟通能力、良好的学习能力，较强的问题解决能力。熟练阅读英文开发文档，善于学习，对技术有钻研精神 ； \r\n6、有良好的面向对象分析和设计能力，有一定的算法分析和设计能力； \r\n7、对教育行业软件开发经验者优先'),
(87, 'sjc5', '软件/互联网开发/系统集成', '软件工程师', '测试工程师', '6000', '15000', '2', '105', '职位描述: \r\n1.按照测试管理流程，对android、ios客户端产品进行产品测试，完成产品的质量保   证和发布 \r\n2.理解产品需求，结合用户使用场景进行测试用例的设计、讨论、完善和维护 \r\n3.编写测试计划和相关文档，对产品的功能、性能及其他方面的测试负责 \r\n4.执行测试，缺陷跟踪及趋势分析, 依据软件项目质量标准，评估和分析软件质量，   并提供改进建议 \r\n5.熟悉软件开发及测试流程，能够熟练运用多种测试工具\r\n\r\n岗位要求： \r\n1.计算机或相关专业，3年以上手机软件测试经验 \r\n2.熟悉android系统结构，及App运行原理，熟练搭载测试环境，熟悉手机测试相关工   具的使用 \r\n3.掌握完备的测试用例编写方法，包括编写系统测试用例；熟悉软件测试流程和测试   方法 \r\n4.熟悉常用的bug管理跟踪工具（JIRA），能对软件开发中所有的Bug进行跟踪和统     计分析\r\n5.工作细心,踏实, 对手机App测试感兴趣，有较强的逻辑分析能力和学习能力；吃苦   耐劳，能够承受一定的工作压力 \r\n6.可根据需要编写测试脚本或工具者优先 \r\n7.进行后期的测试分析，编写测试报告及其他文档。'),
(88, 'sjc5', '互联网产品/运营管理', '网络运营管理', '运营总监', '4000', '6000', '4', '106', '岗位职责：\r\n1、负责公司项目合作商的管理；\r\n2、给予合作商技术、产品及日常事务的支持；\r\n3、负责随时与合作商就项目执行、推进等事宜做畅达沟通。\r\n\r\n任职要求：\r\n1、有互联网行业从业经验者优先；\r\n2、有大型项目管理经验者优先；\r\n3、管理学等相关专业；\r\n4、本科及以上学历；\r\n5、3年以上大型企业经营经验者优先。\r\n薪资面议，待遇丰厚！'),
(89, 'sjc5', '软件/互联网开发/系统集成', '互联网软件工程师', 'C#服务端研发工程师', '4000', '6000', '4', '107', '职位描述：\r\n1、参与移动APP服务端的开发和维护工作；\r\n2、参与APP后台数据采集统计分析工作；\r\n3、配合研发经理完成线上运营系统变更及优化操作；\r\n4、参与项目技术难点的攻关和新技术的探索；\r\n5、编写技术相关的文档。\r\n\r\n任职要求：\r\n1、国家统招本科及以上学历；\r\n2、具备四年以上相关工作经验；\r\n3、精通C#/.NET,Javascript,Ajax开发，深入理解.Net Framework，能够独立的完成项目，精通      b/S应用开发，知识面广，前端、后端和架构都能把握；\r\n4、精通数据库SqlServer,有较强的SQL设计能力与SQL语句优化能力；\r\n5、具备Open API开发经验、高并发接口开发经验优先；\r\n6、有过一年以上redis、memcached等相关缓存技术开发经验者优选；\r\n7、有过大型互联网技术开发背景优先。\r\n\r\n薪资待遇：五险一金，节日福利，做五休二，八小时制'),
(90, 'sjc5', '互联网产品/运营管理', '互联网产品经理/主管', 'UI设计师', '5000', '10000', '2', '108', '职位职责：\r\n1、参与公司各个项目的界面设计工作：把握产品整体形象设计、风格设计和表现形式设计；\r\n2、负责公司其他各项与美工相关的工作：图标、动画、网页、登录界面、管理界面等设计制作。\r\n\r\n任职要求：\r\n1、大专及以上学历，2年以上丰富的平面、UI、交互设计经验、网页设计经验；\r\n2、精通Illustrator或者是CorelDRAW，并能熟练使用Photoshop、Dreamweaver、Fireworks等常\r\n   用软件；\r\n3、能够手写CSS ,html，js，对W3C标准有一定的认识，并能掌握主流浏览器的兼容。'),
(91, 'sjc6', '软件/互联网开发/系统集成', '高级软件工程师', '高级C++开发工程师', '10000', '20000', '7', '109', '职位：高级C++开发工程师 \r\n地点：苏州工业园区\r\n \r\n工作职责：\r\n1.主要从事资金交易系统定制化开发；\r\n2.参与资金交易系统核心模块的研发；\r\n \r\n任职要求：\r\n1.5年及以上C++开发的经验，金融（银行、证券以及保险）行业开发经验以及有在成熟产品上进行二次开发经验的从业者优先；\r\n2.大学本科及以上学历，计算机科学、软件工程、通信、自动化等专业；\r\n3.熟悉编程语言与数据库；\r\n4.对金融及金融工程发展方向有强烈兴趣；\r\n5.具有较好的沟通能力和协调能力，外语较好。'),
(92, 'sjc6', 'IT管理/项目协调', 'IT项目经理/主管', '项目经理', '6000', '10000', '3', '110', '项目经理：上海2人、苏州1人\r\n岗位描述：\r\n负责领导项目团队完成银行资金交易系统技术实施服务。\r\n\r\n招聘要求：\r\n1.计算机或相关专业本科及以上学历；\r\n2. 3 年以上工作经验，1 年以上大中型软件项目管理经验，独立领导过8人以上的开发团队者\r\n3.至少参加过一个以上的大型软件项目的模块设计和代码开发；\r\n4.深刻理解项目实施工作，具备良好的客户交流、项目过程管理和控制的技能，包括进度安排和控制、风险控制等；\r\n5.具备良好的表达和沟通能力；\r\n6.具备极强的团队精神和合作精神，对工作有热情，能够在一定压力下工作；\r\n7.擅长技术文档的书写；\r\n8.具备英语听、说、读、写能力；\r\n9. 具金融软件行业、银行内部工作经验者、有银行系统开发实施经验者'),
(93, 'sjc6', '软件/互联网开发/系统集成', '软件研发工程师', 'Java开发工程师', '4000', '10000', '2', '111', '职位描述：\r\n1、该职位主要从事金融业务系统接口和报表开发；\r\n2、在开发过程中需要能够进行接口说明文档的编写；\r\n3、员工需要服从公司安排，积极完成上级交给的工作任务。\r\n\r\n职位要求：\r\n1、熟练掌握J2EE架构、MVC、spring、Struts、Hibernate、tomcat、Weblogic等； \r\n2、精通任意两种以上流行数据库如Oracle、SQLSERVER、Mysql等； \r\n3、2个以上商业软件项目开发经验，能够独立编写代码和程序；\r\n4、有良好的软件工程知识和质量意识； \r\n5、有较强的逻辑思维能力，对技术有强烈的兴趣，具有良好的学习能力； \r\n6、有良好的沟通能力和代码编写规范习惯； \r\n7、具有良好的团队合作能力；\r\n8、熟悉报表开发，有过报表开发经验者优先。'),
(94, 'zxy11', 'IT质量管理/测试/配置管理', '软件测试', '软件测试工程师', '5000', '6000', '1', '112', '职位要求：\r\n1.大学本科学历， 1年以上商业软件测试工作经验。\r\n2. 熟悉商业软件测试流程，包括创建测试计划、测试用例，使用缺陷跟踪系统创建和验证缺陷，了解不同测试阶段及测试方法。\r\n3. 以往工作中有过编码经验，JAVA优先。\r\n4. 熟悉制造业流程者（离散型、流程型）优先。\r\n5. 良好的英文读写能力，能够适应全英文工作环境，能够进行熟练的口语沟通者优先。\r\n6.具有较强的沟通能力，能够适应与不同的客户进行沟通。 \r\n7.对于发现的问题能够具有简单的troubleshooting能力。\r\n8.工作主动性强，踏实稳重、有团队协作精神。\r\n\r\n工作职责：\r\n1. 能够与国外客户沟通，理解需求，并根据需求设计和执行测试用例。\r\n2. 建立、维护测试平台，包括应用服务器，数据库及客户端。\r\n3. 相关的用户文档审核。'),
(95, 'sjc7', '软件/互联网开发/系统集成', '软件工程师', 'Java软件工程师', '6000', '15000', '4', '113', '职位描述:\r\n1.java基础较好，对core java有比较深的了解。\r\n2.熟练掌握J2EE常用开发架构和设计模式。\r\n3.对常用J2EE开源技术(spring,hibernate等)有一定的研究和使用。\r\n4.熟悉Oracle数据库，有大型数据库开发经验。\r\n5.能熟练运用常用js框架，如果jquery等\r\n6.了解第三方支付相关业务者优先考虑\r\n7.良好的沟通和表达能力、独立工作能力及团队合作能力\r\n8、计算机相关专业毕业，大学本科以上学历'),
(96, 'zxy11', '软件/互联网开发/系统集成', '软件工程师', 'Python软件工程师（Web）', '4000', '6000', '1', '114', '职位要求：\r\n1. 计算机相关专业，大专及以上学历。\r\n2. 熟悉Python，或有HTML、CSS、JS经验并且愿意从事Python开发。\r\n3. 有较强的学习能力。\r\n4. 工作主动性强，善于思考、有团队协作精神。\r\n5. 具备英语文档阅读能力。\r\n\r\n职位职责：\r\n1. 能够理解需求，根据设计文档，经行软件开发及维护。\r\n2. 协助测试人员分析缺陷，并提供解决方案。\r\n3. 相关的产品文档评审。'),
(97, 'sjc7', '软件/互联网开发/系统集成', '软件工程师', 'C语言工程师', '6000', '15000', '4', '115', '岗位基本职责：\r\n1、本科以上学历，计算机及相关专业；\r\n2、两年以上软件开发经验，熟练掌握C/C++语言，具有Unix/Linux环境下的开发经验；\r\n3、精通SQL编程，熟悉Oracle/Informix/DB2等数据库；\r\n4、具有良好的沟通理解能力，能承受工作压力；\r\n5、有前置系统或第三方支付项目开发经验者优先'),
(98, 'zxy11', '软件/互联网开发/系统集成', '软件工程师', 'Java 软件开发工程师', '6000', '7000', '1', '116', '职位要求：\r\n1. 计算机相关专业，本科及以上学历。\r\n2. 一年及以上的Java开发经验。\r\n3. 熟练的运用面向对象编程，例如: IO，网络，多线程的Java基础的实际经验。\r\n4. 熟悉SQL，熟练掌握数据库（Oracle，MS SQL Server）开发常用技术。\r\n5. 良好的英文读写能力，能够适应全英文工作环境。\r\n6. 工作主动性强，善于思考、有团队协作精神。\r\n\r\n此职位也考虑优秀应届毕业生。\r\n\r\n职位职责：\r\n1. 能够理解需求，根据设计文档,进行基于Java的项目开发，单元测试和维护。\r\n2. 协助测试人员分析缺陷，并提供解决方案。\r\n3. 相关的产品文档评审。'),
(99, 'zxy11', '软件/互联网开发/系统集成', '高级软件工程师', 'Java 软件开发工程师（资深）/（Leader）', '15000', '20000', '4', '117', '职位要求：\r\n1. 计算机相关专业，本科及以上学历。\r\n2. 三年及以上的Java实际开发经验。\r\n3. 熟练的运用面向对象编程，例如: IO，网络，多线程的Java基础的实际经验。\r\n4. 熟悉SQL语言，熟练掌握数据库（Oracle，MS SQL Server）开发常用技术。\r\n5. 具有在J2EE标准下从事C/S项目开发的经验者优先。\r\n6. 具有项目管理经验或团队管理经验者优先。\r\n7. 良好的英文读写能力，能够适应全英文工作环境。\r\n8. 工作主动性强，善于思考、有团队协作精神。\r\n\r\n职位职责：\r\n1. 能够理解需求，根据设计文档,进行基于Java EE项目开发，单元测试和维护。\r\n2. 协助测试人员分析缺陷，并提供解决方案。\r\n3. 相关的产品文档评审。'),
(100, 'sjc8', '软件/互联网开发/系统集成', '手机软件开发工程师', '手机客户端开发工程师', '10000', '15000', '4', '118', '1、手机客户端软件开发经验者优先\r\n2、web(安卓系统）、IOS（苹果系统）软件开发经验'),
(101, 'zxy12', '软件/互联网开发/系统集成', 'WEB前端开发', '前端架构师', '7000', '9000', '4', '119', '岗位职责：\r\n1、负责网站整体前端框架的设计、搭建。\r\n2、负责前端开发标准、规范的制定。\r\n3、能够深入了解后端架构，为项目提供最优化的技术解决方案。\r\n4、关注性能，能够为全站性能提升、技术运用合理性给出专业指导意见，勤于技术创新。\r\n5、勤于布道。\r\n\r\n\r\n任职要求：\r\n1、3年以上web开发和前端开发经验，有大型网站的前端架构实践经验，有数据分析，广告行业经验的优先；\r\n2、精通各种前端框架，深入了解其开发思想以及应用范围，有独立开发框架经验；\r\n3、至少熟悉python、nodejs其中的一种技术，有项目经验，熟悉Linux，了解设计模式；\r\n4、善于沟通，乐于分享；\r\n5、有开源项目经验者优先。'),
(102, 'sjc8', 'IT质量管理/测试/配置管理', '软件测试', '软件测试工程师', '4000', '6000', '4', '120', '软件测试工程师工作职责：\r\n1.上、下位机的测试，有一定的c#\\cs\\ socket经验\r\n2.熟悉软件工程理论, 熟知常见软件测试的概念及方法，了解软件黑、白盒软件测试方式，有实际软件测试工作经验者优先；\r\n3.有系统化的问题分析能力和解决问题能力；\r\n4.熟悉测试用例、测试分析，编写质量报告等文档 。 \r\n岗位说明：\r\n1.大专及以上学历； \r\n2.计算机等理工科相关专业； \r\n3.良好的文字功底。 \r\n4.较强的学习和钻研能力。'),
(103, 'sjc8', '软件/互联网开发/系统集成', '软件工程师', '软件工程师', '6000', '15000', '5', '121', '简历请附照片\r\n招聘要求：\r\n1.计算机软件专业等本科及以上学历。\r\n2.5年以上上位机软件开发工作经验，有大型生产线上位机控制软件和项目管理经验优先。\r\n3.具有良好的沟通能力、工作态度积极。\r\n4.精通C# socket套接字编程，能熟练编写C/S模式程序，有大量客户端（1500-2000个客户端）程序开发经验，精通C# IOCP完成端口。\r\n5.熟练上位机程序的编写,包括C#,VB NET,VC熟悉工业常用的通信方式,包括OPC,TCP/IP,UART,USB通信和相关的通信协议。'),
(104, 'zxy12', '软件/互联网开发/系统集成', '高级软件工程师', 'JAVA系统架构师', '8000', '10000', '2', '122', '岗位职责：\r\n1、负责公司平台的系统规划、架构设计工作；\r\n2、综合需求设计高扩展性、高性能、安全、稳定、可靠的技术系统；\r\n3、指导研发工程师的产品开发和技术研究工作，解决各类技术疑难问题。\r\n岗位要求：\r\n1、2年以上架构设计经验；\r\n2、熟悉缓存技术，网站优化，服务器优化，集群技术处理，网站负载均衡、系统性能调优等软件编程高 级技术；\r\n3、良好的逻辑思维能力，熟悉业务抽象和数据模型设计，具有很强的分析问题和解决问题的能力；\r\n4、拥有大型电商网站系统架构经验优先。'),
(110, 'zxy12', '软件/互联网开发/系统集成', '用户界面（UI）设计', 'APP UI设计师', '5000', '7000', '2', '128', '岗位职责： \r\n1、负责IOS、Android端应用的UI设计，制定产品界面的风格和标准。包括交互设计、界面控件、界面图标、界面皮肤、软件logo设计；\r\n2、与产品经理、开发工程师和其他设计人员密切配合，协助分析并解决产品开发过程中的问题。对UI进行优化，提高产品易用性；\r\n3、对现有产品的UI进行优化和新功能设计，提高APP易用性；\r\n4、参与产品需求的前期讨论，对原型提出建议。\r\n5、负责制定APP的交互设计、图标设计、控件设计规范，对UI界面的风格进行整体把控；\r\n任职要求：\r\n1、工业设计、动漫、美术、计算机相关专业，本科以上学历，精通AI、PS等设计软件。\r\n2、了解移动端APP的架构和技术构成，善于挖掘新技术赋予应用程序的更多可能性。\r\n3、熟悉IOS、Android系统的本地UI组件，善于挖掘本地组件的自由度。\r\n4、熟悉IOS、Android端APP的UE体验设计，对APP的UE有成体系的理解。\r\n5、善于沟通，思维活跃缜密，具备良好的创造力，很强的责任心，追求完美的精神。 \r\n6、良好的沟通和人际关系技巧、积极进取，能够保质保量完成任务。\r\n7、2年以上移动APP设计经验，有电商APP、移动端IM、论坛、游戏相关产品经验者优先；\r\n8、在开发阶段能够采用敏捷UX设计，能以动态图、交互原型展示交互设计效果者优先。\r\n9、简历需附带作品或作品链接。'),
(111, 'zxy12', '软件/互联网开发/系统集成', '软件工程师', 'IOS开发工程师', '5000', '6000', '1', '129', '岗位职责：\r\n1、根据产品需求开发相关的IOS产品；\r\n2、编写详细的技术设计文档；\r\n3、参与相关的IOS技术框架的设计；\r\n4、根据开发工程中的体验对产品提出改进建议。\r\n岗位要求：\r\n1、1年以上OS X/iOS开发经验，能独立完成OS X/IOS软件的设计和开发工作；\r\n2、熟悉Xcode、cocoa或Cocoa Touch，UIkit等，熟悉各种Core Frameworks；\r\n3、掌握Objective-C语言的特征，具备主流开源框架的使用经验；\r\n4、精通OS X/IOS下的并行开发，网络，内存管理、GUI开发；\r\n5、熟练使用调试、性能分析工具来调试和优化代码；\r\n6、有大型电商及相关IOS软件开发经验优先。'),
(112, 'sjc9', '软件/互联网开发/系统集成', '软件工程师', '技术经理/Java软件工程师', '6000', '15000', '2', '130', 'Java软件工程师 \r\n职位描述:\r\n1.java基础较好，对core java有比较深的了解。\r\n2.熟练掌握J2EE常用开发架构和设计模式。\r\n3.对常用J2EE开源技术(spring,hibernate等)有一定的研究和使用。\r\n4.熟悉Oracle数据库，有大型数据库开发经验。\r\n5.能熟练运用常用js框架，如果jquery等\r\n6.了解第三方支付相关业务者优先考虑\r\n7.良好的沟通和表达能力、独立工作能力及团队合作能力\r\n8.计算机相关专业毕业，大学本科以上学历'),
(113, 'sjc9', '软件/互联网开发/系统集成', '软件工程师', '技术经理/C语言工程师', '6000', '15000', '2', '131', 'C语言工程师 \r\n岗位基本职责：\r\n1、本科以上学历，计算机及相关专业；\r\n2、两年以上软件开发经验，熟练掌握C/C++语言，具有Unix/Linux环境下的开发经验；\r\n3、精通SQL编程，熟悉Oracle/Informix/DB2等数据库；\r\n4、具有良好的沟通理解能力，能承受工作压力；\r\n5、有前置系统或第三方支付项目开发经验者优先'),
(114, 'zxy12', 'IT管理/项目协调', 'IT技术/研发总监', '技术研发总监', '20000', '30000', '8', '132', '岗位职责:\r\n1、负责公司软件产品的技术研究、开发、创新，不断快速提升核心技术；\r\n2、管理技术研发团队，优化部门工作流程；\r\n3、负责团队目标和工作计划的制定和高效执行，保证目标实现；\r\n4、负责部门的有效沟通与协作，协助公司其他部门技术协作和技术推广工作；\r\n5、申报或合作申报政府资助课题项目。\r\n岗位要求：\r\n1、计算机相关专业本科以上学历；\r\n2、5年以上软件开发经验，2年以上技术管理经验；\r\n3、对新型的技术框架有良好的嗅觉，具备前瞻性的理解和研究；\r\n4、丰富的软件项目经验和深厚的软件技术功底，在架构设计及技术流程规范等方面有深入的理解；\r\n5、有较强的沟通表达能力和团队合作精神和组织管理能力。');
INSERT INTO `recruiter_demand` (`id`, `username`, `demand_field`, `demand_job`, `demand_jobname`, `demand_salary_min`, `demand_salary_max`, `demand_experience`, `id_cloud`, `demand_detail`) VALUES
(115, 'whm', '软件/互联网开发/系统集成', '软件工程师', 'Java Android 工程师 软件工程师 APP开发', '7000', '9000', '2', '133', '岗位职责：\r\n1.负责公司项目程序开发工作；\r\n2.负责公司产品开发（安卓的系统 ）；\r\n3.项目、产品的后期更新升级；\r\n4.学习和研究新技术以满足产品的需求。\r\n任职要求：\r\n1.本科以上学历（包括非常优秀的专科生），2－3年以上软件开发经验，有2个主导项目开发经验\r\n2.熟练使用Android进行平台应用软件开发，熟悉平台的UI设计\r\n3.精通Mysql数据库。\r\n4.有团队协作精神、善于沟通、自学能力强、热爱技术开发。能独立开发安卓APP。\r\n5.较强的文档撰写能力,包括需求分析、总体方案、概要设计等软件文档。\r\n6.有良好的编程习惯、代码逻辑性强、冗余率低、可读性好。\r\n7.有相关作品者优先。         \r\n8.工资面议              \r\n'),
(116, 'whm', '软件/互联网开发/系统集成', '软件工程师', 'IOS APP开发 软件工程师', '7000', '10000', '3', '134', '岗位职责：\r\n1.负责公司项目程序开发工作；\r\n2.负责公司产品开发（适合IOS系统 ）；\r\n3.项目、产品的后期更新升级；\r\n4.学习和研究新技术以满足产品的需求。\r\n任职要求：\r\n1.本科以上学历（包括非常优秀的专科生），2－3年以上软件开发经验，有2个主导项目开发经验\r\n2.熟练使用IOS进行平台应用软件开发，熟悉平台的UI设计\r\n3.精通Mysql数据库。\r\n4.有团队协作精神、善于沟通、自学能力强、热爱技术开发。能独立开发APP。\r\n5.较强的文档撰写能力,包括需求分析、总体方案、概要设计等软件文档。\r\n6.有良好的编程习惯、代码逻辑性强、冗余率低、可读性好。\r\n7.有APP Store上架作品或相关作品者优先。         \r\n8.工资面议               '),
(117, 'whm', '互联网产品/运营管理', '电子专员/助理', '电子商务专员', '2000', '4000', '1', '135', '岗位职责：\r\n负责公司英文门户网站信息发布以及维护\r\n任职要求：\r\n1.具有一定的英文阅读能力\r\n2.能处理简单的PS图片去水印\r\n3.对婚纱，礼服等时尚产品有兴趣并且有敏锐的时尚洞察力。\r\n4.工作态度认真踏实'),
(118, 'sjc10', '软件/互联网开发/系统集成', 'WEB前端开发', '前端工程师', '5000', '8000', '0', '136', '岗位要求：\r\n\r\n1.有一定的思维逻辑，能够按照业务需求开发相应的浏览器前端程序\r\n2.一年以上上javascript开发经验，对javascript语法有相当认识\r\n3.熟练掌握css2标准，并对css3，html5有相当的涉猎\r\n4.对浏览器兼容性hack代码的编写有相当经验(IE8及以上，firefox,chrome）\r\n5.对于常用javascript库代码有一定积累，熟练掌握jquery的使用，\r\n6.至少有一种UI library的使用经验 '),
(119, 'sjc10', '软件/互联网开发/系统集成', '互联网软件工程师', 'PHP工程师', '5000', '10000', '0', '137', '岗位职责：\r\n\r\n1.两年以上相关岗位的工作经验，\r\n2.熟练掌握PHP的开发，熟练掌握mysql的操作，\r\n3.了解数据库的优化方法，\r\n4.熟练掌握svn的使用，使用过至少一种framework，\r\n4.熟练掌握php语言中的面向对象开发模式，有linux生产环境的布署经验。\r\n5.有erp系统开发经验、app服务商开发经验或者ajax全站等开发经验的优先'),
(120, 'sjc11', '软件/互联网开发/系统集成', '软件工程师', '软件工程师（JAVA、IOS、Android）', '6000', '10000', '0', '138', '1、计算机相关专业本科以上学历，学习成绩优异；\r\n2、逻辑思维能力强，沟通能力佳；\r\n3、愿意从事软件开发行业；\r\n4、拥有良好的沟通能力和团队合作意识；'),
(121, 'sjc11', 'IT质量管理/测试/配置管理', '软件测试', '互联网测试工程师', '4000', '6000', '2', '139', '职位描述\r\n1、依据项目需求编写测试计划、方案，编写测试用例，准确把握测试用例深度及覆盖度，并熟悉测试的目的和内容、方法和步骤等,做好测试前准备工作;\r\n2、根据测试计划及测试用例执行测试，评估软件特性与缺陷，确保测试目的的达成，及时发现软件缺陷；\r\n3、能独立进行自动化测试、接口测试、性能测试、至少熟悉一样\r\n4、参与制定测试方案，优化测试过程；分析缺陷，跟踪定位产品的缺陷或问题，并提出改进意见。\r\n5、根据项目安排， 协助技术支援部门提供产品技术支撑， 并协助指导解决相关技术问题。\r\n任职要求\r\n1、本科及以上学历，计算机相关专业，3年以上相关工作经验，有互联网产品测试经验者优先；\r\n2、熟悉软件测试理论、方法、工具，流程；\r\n3、熟悉至少一种第三方测试工具的使用如:Loadrunner，QTP，Junit等。\r\n4、熟悉软件测试理论、方法和过程，对测试模型、测试用例设计方法有较好理解和掌握；\r\n5、具有强烈的质量意识，工作认真、细致、有耐心，有良好的团队协作意识；\r\n6、善于学习，具有分析、解决应用问题的能力'),
(122, 'whm1', '软件/互联网开发/系统集成', '高级软件工程师', '高级java软件工程师（苏州园区）', '4000', '8000', '0', '140', '任职要求:\r\n1、计算机相关专业大專以上学历，2年以上Web应用开发和设计经验，具基本英文阅读能力；\r\n2、精通Java语言，熟悉J2EE体系架构及MVC模式，熟练掌握Structs2、Spring、Hibernate、iBATIS 等技术和框架进行开发;\r\n3、熟悉HTML、CSS+DIV、Javascript、Ajax、XML、WebService等技术；\r\n4、熟悉Weblogic、Jboss、Tomcat中任一种应用服务器的开发、部署和相关配置优化；\r\n5、熟悉使用Oracle、DB2、SQL server等至少一种大型关系数据库，熟悉SQL语言；\r\n6、熟悉面向对象设计思想，熟练掌握面向对象的分析及设计方法，具有良好的编码风格和技术文档写作经验；\r\n8、熟Java Servlet / JSP 开发及熟HTML Java Script CSS语法。\r\n\r\n\r\n岗位职责：\r\n1、基于WEB应用的系统开发，网站应用；\r\n2、运用Java进行基于B/S结构的应用系统开发。\r\n3、协助处理系统与程序方面的问题'),
(123, 'sjc11', '软件/互联网开发/系统集成', '高级软件工程师', '高级JAVA工程师', '10000', '20000', '7', '141', '工作职责： \r\n1、按照需求进行相关产品的开发工作，保证需求开发的质量； \r\n2、完成公司产品的日常系统升级工作； \r\n3、对产品需求进行前期分析，保证模块设计方面正确理解用户需求； \r\n4、对所负责产品进行日常维护工作；\r\n5、完成上级交付的其他工作； \r\n任职资格： \r\n1. 具有丰富的应用软件分析、设计、开发经验，5年以上相关工作经验，具有技术团队管理/项目管理经验者优先； \r\n2. 熟练掌握关系数据库理论和数据库设计； \r\n3. 熟悉面向对象分析与设计的理论和方法，掌握常用设计模式，并能灵活应用论和方法； \r\n4. 熟练掌握JavaScript、Ajax； \r\n5. 善于沟通协调，为人正直诚信，积极进取，有事业心，工作认真负责，结果导向，能承受较大工作压力； \r\n6. 有大型互联网应用系统设计开发经验优先；'),
(124, 'sjc11', '软件/互联网开发/系统集成', '系统架构设计师', '系统架构工程师', '6000', '8000', '5', '142', '岗位职责：\r\n1、确保公司内部信息化建设架构设计满足公司经营管理，持续发展的需要；\r\n2、和公司其它设计人员共同进行公司业务需求分析，系统架构的规划设计； \r\n3、参与公司研发项目管理及信息系统工程的各阶段产出的审核； \r\n4、参与研发项目发布推广实施的策划和具体工作的指导。 \r\n5、开发和维护统一的软件开发架构，发现和解决存在的技术问题。\r\n\r\n职位要求：\r\n1、计算机或相关专业毕业，本科及以上学历； \r\n2、有3年以上的项目设计经验，2年以上的软件项目编程经验，参与过新建项目的架构设计和开发者优先；\r\n3、熟悉J2EE架构下的各种产品和技术，并加以应用，精通其中常用的技术产品，对其它技术路线有一定的了解； \r\n4、精通至少一种系统分析、架构设计、配置管理等软件工程的软件工具产品； \r\n5、有良好的逻辑思维能，抓重点要点能力及较好的沟通表达能力； \r\n6、热衷于系统架构设计，积极良好的工作心态。'),
(125, 'whm1', '软件/互联网开发/系统集成', '软件工程师', 'java工程师（苏州园区）', '4000', '8000', '0', '143', '任职要求:\r\n1、计算机相关专业大專以上学历，2年以上Web应用开发和设计经验，具基本英文阅读能力；\r\n2、精通Java语言，熟悉J2EE体系架构及MVC模式，熟练掌握Structs2、Spring、Hibernate、iBATIS 等技术和框架进行开发;\r\n3、熟悉HTML、CSS+DIV、Javascript、Ajax、XML、WebService等技术；\r\n4、熟悉Weblogic、Jboss、Tomcat中任一种应用服务器的开发、部署和相关配置优化；\r\n5、熟悉使用Oracle、DB2、SQL server等至少一种大型关系数据库，熟悉SQL语言；\r\n6、熟悉面向对象设计思想，熟练掌握面向对象的分析及设计方法，具有良好的编码风格和技术文档写作经验；\r\n8、熟Java Servlet / JSP 开发及熟HTML Java Script CSS语法。\r\n\r\n\r\n岗位职责：\r\n1、基于WEB应用的系统开发，网站应用；\r\n2、运用Java进行基于B/S结构的应用系统开发。\r\n3、协助处理系统与程序方面的问题'),
(126, 'sjc11', '软件/互联网开发/系统集成', '网页设计/制作/美工', '网站编辑', '4000', '6000', '1', '144', '岗位职责：\r\n1.把握面向不同用户群体的美文传播特点，并策划出相应的宣传方向；\r\n2.负责与多种传播媒介人员的沟通、维护，保持长久稳定合作关系；\r\n3.对美文作品传播效果进行分析、反馈、优化；\r\n4.完成上级交待的其他工作；\r\n岗位要求：\r\n1、中文/新闻学/汉语言文学专业，本科以上学历；\r\n2、工作态度积极，有耐心，有良好的沟通能力；\r\n3、为人灵活，对事物的敏感性强，学习接受能力强；\r\n4、爱好写作，对流行词汇有较敏感的知悉和运用能力，有强烈的文字创新感和美文意识；\r\n5、有基础文案编辑能力者优先，应届毕业生亦可\r\n6、面试请带个人作品'),
(127, 'sjc11', '软件/互联网开发/系统集成', '软件研发工程师', '软件开发工程师', '4000', '10000', '1', '145', '岗位职责：\r\n1、基于Windows/Unix/Linux平台的软件开发，确保公司产品开发项目的完成,满足业务管理要求；\r\n2、开发过程中各相关文档的编写；包括需求规格说明书，单元测试用例等； \r\n3、编译和调试开发代码，执行用例及其联调测试，并归档及其问题修改； \r\n4、具备良好的识别和设计通用框架及模块的能力； \r\n5、主持和参与系统逻辑模型和物理模型设计并实现原型；\r\n职位要求：\r\n1、本科及以上学历，计算机/软件专业优先；\r\n2、至少1年以上软件开发工作经验，有完整的项目开发经验者优先；\r\n3、熟悉J2EE技术平台及Spring,Mybatis,Hibernate,Ibatis,Struts，Restlet等主要框架等； \r\n4、熟悉Jquery，Jquery-UI等JS框架； \r\n5、熟悉FreeMarker，Html，CSS+DIV等前台技术； \r\n6、熟悉Oracle,Mysql,SysBase等主流数据库系统； \r\n7、具备良好的团队精神，良好的代码与文档习惯,有项目管理经验者优先； \r\n8、责任感、抗压、团队合作精神、较强的沟通能力； \r\n9、有熟悉网络安全、数据库优化、大型分布式系统、商用高负载服务器系统者优先；'),
(128, 'sjc11', '软件/互联网开发/系统集成', '手机软件开发工程师', '中高级Java软件工程师', '10000', '15000', '3', '146', '岗位职责：\r\n1、负责研发公司规划的软件产品，包括应用软件框架和应用软件产品。\r\n2、根据产品规划进行产品的需求分析、需求管理；\r\n3、参与概要及详细设计，负责完成核心代码及核心组件开发；\r\n4、协助研发支持公司产品解决方案的技术框架；\r\n5、软件产品功能包的开发，确保软件通过公司测试和应用；\r\n6、出具产品开发设计文档；\r\n7、支持公司技术知识产权的申请。\r\n应聘要求：\r\n1、计算机相关专业本科以上学历，三年以上系统开发经验；\r\n2、熟悉rest架构或熟悉spring MVC架构/SSI/SSM架构；\r\n3、熟练掌握Oracle、MySQL、SQL server至少一种关系型数据库的分析设计和调优；\r\n4、较好的文档编辑能力，良好的编码风格，有项目管理经验者优先；\r\n5、有大型项目的核心模块开发经验者优先\r\n6、具有良好的沟通能力，较强的团队协作精神、责任心'),
(129, 'sjc11', '软件/互联网开发/系统集成', '系统架构设计师', '云平台系统架构设计师（高薪）', '6000', '8000', '3', '147', '岗位职责：\r\n1、负责对虚拟桌面云及公司私有云的架构设计、整体规划；\r\n2、负责对公司各平台的需求进行分析，并完成系统架构设计，完成设计方案、部署计划、并负责向各开发组讲解技术架构；\r\n3、负责安装、实施、配置公司云平台；\r\n4、分析并解决云平台开发运维过程中的问题；\r\n5、调研云计算的技术发展趋势和核心技术，并将合适的技术应用于项目中来。\r\n \r\n应聘要求：\r\n1、计算机或理工科相关专业本科或以上学历，对云平台有一定了解，5年以上工作经验，2年以上系统构架相关工作经验；\r\n2、精通XenServer、Vmware、nginx等虚拟产品的原理、结构、应用范围，并能针对不同的用户提出不同的解决方案；\r\n3、熟悉各厂家的云应用产品，并能针对不同的用户需求提供完整的方案设计及资源规划；\r\n4、精通SVN、FTP、mysql、oracle、httpd等技术；\r\n5、精通Windows、Linux，对不同的用户需求，提供多种系统解决方案；\r\n6、精通主流网络设备的配置，了解各类产品特性，为公司提供网络资源类的规划方案；\r\n7、精通主流存储设备的特性及配置，根据发展需要为公司提供存储方面的解决方案；\r\n8、精通各类备份软件，能针对公司在备份方面的需求提供不同的或多样性的解决方案；\r\n9、熟悉主流数据库，可针对不同用户的需求提供不同类型的数据库；\r\n10、工作积极，有责任心，能有效地完成上级指派的各项技术任务；\r\n11、富有激情和创造力，学习能力强；良好的团队协作，善于沟通协调。'),
(130, 'sjc11', '软件/互联网开发/系统集成', '手机软件开发工程师', '手机软件工程师', '10000', '15000', '1', '148', '岗位职责：\r\n1、对公司现有产品的完善和优化； \r\n2、负责Android移动客户端开发，根据项目任务计划按时完成软件编码和单元测试工作\r\n3、依据业务需求进行Android平台新技术研究\r\n4、根据新产品开发进度和任务分配，开发相应的软件模块；\r\n\r\n岗位技能要求\r\n1、计算机相关专业，大专及以上学历；\r\n2、1年以上Android平台开发经验，开发过成熟的产品；\r\n3、精通Android开发平台、技术框架，熟悉Android版本的SDK及其兼容性，有良好的编码习惯；\r\n4、拥有良好的沟通能力和团队合作意识；\r\n5、拥有项目管理经验者优先。'),
(131, 'sjc11', '软件/互联网开发/系统集成', '软件研发工程师', 'JS开发工程师', '4000', '10000', '1', '149', '岗位描述：\r\n1. 负责Web前端表现层与后端交互据接口定义，前端JS实现Json格式的数据发送与数据解析，配合后台开发人员实现网站功能；\r\n2. 协助设计页面交互流程，制作标准优化的代码，致力于通过技术提高用户体验；\r\n3. 利用(X)HTML/CSS/JavaScript/AJAX等各种Web技术进行网页产品与组件的开发，优化代码并保持良好兼容性；\r\n4. 负责不同PC浏览器和手机浏览器的兼容性 (Win/Mac,Chrome/Safari/Mozilla/IE)；\r\n\r\n岗位要求：\r\n\r\n1. 大专以上学历，至少2年以上WEB前端应用开发或js组件开发；\r\n2. 精通Ajax、JavaScript等前端技术，掌握面向对象编程思想，能够熟练应用第三方的开源JavaScript库(如Jquery等)；\r\n3. 有良好的编程习惯，能够书写精练、可维护性高和易扩展的JS代码。\r\n4. 精通(X)HTML、CSS，熟悉页面架构和布局，熟悉HTML的文档对象模型（DOM）,对Web标准和标签语义化有较深入的理解；熟悉html5和css3的优先考虑；\r\n5. 理解W3C规范，对页面交互流程、用户体验有自己的见解； \r\n6. 拥有良好的沟通能力和团队协作能力，有积极解决各种难题的能力。'),
(132, 'sjc11', 'IT管理/项目协调', 'IT项目经理/主管', '项目经理', '6000', '10000', '3', '150', '岗位职责：\r\n    1、参与需求评审、概设、详设、数据库设计。\r\n    2、根据里程碑计划制定项目进度表、负责项目团队管理，带领成员按时高质量完成开发工作；\r\n    3、根据设计进行重要代码编写\r\n    4、负责与业务部门沟通协调 \r\n\r\n  岗位技能要求：\r\n    1、计算机相关专业，本科及以上学历，5年以上工作经验，2年项目管理经验\r\n    2、能够熟练的完成概要设计、详细设计、数据库设计等项目设计工作以及编写相关文档；\r\n    3、熟悉项目管理方法和管理工具；\r\n    4、较强的表达和沟通能力；工作认真、严谨、敬业，有较强的项目团队管理能力，对项目进度和产品质量有强的控制力。\r\n    5、良好的业务理解，表达和沟通能力，善于学习，具有分析、解决问题的能力。'),
(133, 'whm2', '软件/互联网开发/系统集成', '软件工程师', 'GIS开发工程师', '5000', '10000', '2', '151', '岗位职责：\r\n1、在规定的时间内，完成所负责的功能模块开发，并确保符合设计要求；\r\n2、负责所开发功能模块的升级与维护；\r\n3、参与项目需求调研、系统设计以及相关文档的编写；\r\n4、执行上级交待的其它工作任务.\r\n任职资格：\r\n1、地理信息系统或相关专业毕业，具备1年GIS应用系统开发经验；\r\n2、熟悉ArcGIS Desktop/SDE/Server或者Skyline软件的安装部署和使用；\r\n3、熟练使用Visual Studio 2010(C#)开发平台；\r\n4、熟练掌握ArcGIS Engine SDK、ArcGIS Server API、Skyline二次开发中的一种.\r\n5、 有良好的独立分析解决问题能力和责任心。'),
(134, 'sjc11', '软件/互联网开发/系统集成', '手机软件开发工程师', 'Android开发工程师', '10000', '15000', '1', '152', '岗位职责：\r\n1、对公司现有产品的完善和优化； \r\n2、负责Android移动客户端开发，根据项目任务计划按时完成软件编码和单元测试工作\r\n3、依据业务需求进行Android平台新技术研究\r\n4、根据新产品开发进度和任务分配，开发相应的软件模块；\r\n\r\n岗位技能要求\r\n1、计算机相关专业，大专及以上学历；\r\n2、1年以上Android平台开发经验，开发过成熟的产品；\r\n3、精通Android开发平台、技术框架，熟悉Android版本的SDK及其兼容性，有良好的编码习惯；\r\n4、拥有良好的沟通能力和团队合作意识；\r\n5、了解IOS应用开发者优先；\r\n6、拥有项目管理经验者优先。'),
(135, 'whm2', '软件/互联网开发/系统集成', '高级软件工程师', 'GIS高级开发工程师（项目经理）', '8000', '15000', '4', '153', '岗位职责：\r\n1. 负责项目管理，对按期、保质保量地达成项目目标负有直接责任；\r\n2. 负责带领项目团队开展需求调研、系统设计、功能开发、测试、安装部署等工作；\r\n3. 负责系统主要功能开发与优化; \r\n4. 负责地理信息开发技术发展趋势、关键技术的研究与应用; \r\n5. 指导开发团队学习交流、提升团队的技术分析与设计能力；\r\n任职资格：\r\n1.本科及以上学历，地理信息系统或相关专业毕业； \r\n2.三年以上GIS项目开发经验，一年以上团队管理经验；\r\n3. 熟悉本部门产品与技术体系、团队成员的技术特点，具备团队管理的能力；\r\n4. 熟练掌握ArcGIS Server 或Skyline开发技术，具备应用平台产品研发能力、能够对研发进行整体把握，能解决开发过程中的技术难题；\r\n5. 熟悉GIS项目实施流程，具备数字城市、城市规划、三维展示等方面地理信息平台建设经验；\r\n6 具有较强的责任感、执行力和合作精神，能承担较大的工作压力。'),
(136, 'sjc11', '软件/互联网开发/系统集成', '手机软件开发工程师', 'IOS开发工程师', '10000', '15000', '1', '154', '岗位职责：\r\n1、对公司现有产品的完善和优化； \r\n  2、负责IOS移动客户端开发，根据项目任务计划按时完成软件编码和单元测试工作\r\n  3、依据业务需求进行IOS平台新技术研究\r\n  4、根据新产品开发进度和任务分配，开发相应的软件模块；\r\n\r\n 岗位技能要求\r\n  1、计算机相关专业，本科及以上学历；\r\n  2、1年以上IOS (Objective C)平台开发经验，开发过成熟的产品；\r\n  3、熟悉iPhone开发工具和相关开发测试工具的使用，有良好的编码习惯；\r\n  4、精通IOS开发平台、技术框架；\r\n  5、拥有良好的沟通能力和团队合作意识；\r\n  6、有互连网公司工作经验优先；\r\n  7、了解Android、JAVA语言着优先。'),
(138, 'whm2', '软件/互联网开发/系统集成', '高级软件工程师', 'GIS高级开发工程师（项目经理）', '8000', '15000', '4', '156', '岗位职责：\r\n1. 负责项目管理，对按期、保质保量地达成项目目标负有直接责任；\r\n2. 负责带领项目团队开展需求调研、系统设计、功能开发、测试、安装部署等工作；\r\n3. 负责系统主要功能开发与优化; \r\n4. 负责地理信息开发技术发展趋势、关键技术的研究与应用; \r\n5. 指导开发团队学习交流、提升团队的技术分析与设计能力；\r\n任职资格：\r\n1.本科及以上学历，地理信息系统或相关专业毕业； \r\n2.三年以上GIS项目开发经验，一年以上团队管理经验；\r\n3. 熟悉本部门产品与技术体系、团队成员的技术特点，具备团队管理的能力；\r\n4. 熟练掌握ArcGIS Server 或Skyline开发技术，具备应用平台产品研发能力、能够对研发进行整体把握，能解决开发过程中的技术难题；\r\n5. 熟悉GIS项目实施流程，具备数字城市、城市规划、三维展示等方面地理信息平台建设经验；\r\n6 具有较强的责任感、执行力和合作精神，能承担较大的工作压力。'),
(139, 'sjc12', '软件/互联网开发/系统集成', '游戏设计/开发', '手游策划', '6000', '8000', '2', '157', '岗位职责:\r\n1、分析手机游戏市场、当前产品及目标消费群体需求，并结合自己的经验参与游戏玩法构思，提出产品创作理念，制定游戏策划方案；\r\n2、跟进游戏相关功能模块，并及时检查游戏资源的完整度，包括游戏界面、特效、音效、角色、动作等；\r\n3、保持对竞品与自己产品市场数据的敏感性，并更新合理的设计方案；\r\n\r\n职位要求：\r\n1、大学本科学历，2年以上手游策划相关工作经验；\r\n2、至少有针对1款游戏完整的策划经验；\r\n3、沟通能力强，能正确、清晰地地阐述自己的设计思想及设计细节，能独立撰写、整理设计文档并指导、协同程序、美术人员实现设计内容的能力，有自己想法但是能够听取他人建议；\r\n4、酷爱游戏，有多年游戏经历，熟悉各种类型游戏。熟悉玩家心理，对时尚元素有很强的感知能力，了解动画、漫画、电影等各种艺术形式；\r\n5、执行力强，在创意的基础上能够用逻辑的思维去实现自己的思路'),
(140, 'sjc12', '互联网产品/运营管理', '互联网产品经专员/助理', '手游运营专员', '2000', '6000', '2', '158', '岗位职责：\r\n1、规划并参与建设玩家服务体系，保证用户获得良好的体验\r\n2、深入研究用户数据，分析用户需求，并形成有价值的运营策略建议\r\n3、通过论坛、公会、官网等渠道的运作来提升用户体验\r\n4、处理手机网络游戏运营过程中的各类特殊事件；\r\n5、组织各类运营活动，分析和总结活动效果，提升用户体验和活跃等\r\n\r\n任职资格：\r\n1、大学本科以上学历,一年以上的游戏运营经验\r\n2、精通手机游戏产品，对手机游戏用户有了解较深\r\n3、有一定的手机游戏运营经验，具备运营数据分析能力和协调能力\r\n4、具有扎实的文学功底，能够策划运营活动\r\n\r\n公司为优秀和合适的人才提供一线城市的薪资待遇。\r\n加入公司，您将享受：\r\n1.优厚的福利待遇：\r\n提供行业内极具竞争力的薪酬；\r\n缴纳园区社保；\r\n月绩效奖，项目奖，年终奖，总裁奖等多重激励制度；\r\n非本地员工提供住宿；\r\n加班餐补；\r\n节日津贴；\r\n丰富的员工活动，培训及拓展。\r\n\r\n2.完整的发展平台\r\n公司以人文本，追求卓越，致力于打造行业内最具竞争力的团队。坚信人才是企业最大的价值，坚持与优秀的人一起做优秀的事。大禹的创始人和管理人员将公司理解为为人才服务的平台。\r\n\r\n3.和谐的工作氛围\r\n公司是一个充满活力而又才华横溢的大家庭，公司内所有员工均为家庭一员。在这里的每一个人，工作中是伙伴和战友，工作外是亲人和朋友。这里打造的是一种有创意，有想法，有理想，有追求，同时也兼备高效执行力的团队。如果你有强大的自我驱动力，也有很高的团队协作意识，请加入我们，大禹网络全体员工张开双手，热情拥抱。\r\n\r\n备注：可直接在线投递或将您的简历发送至邮箱tiantianmas@dayukeji.com。\r\n\r\n大禹网络科技有限公司于2012年由一群北大的研究生校友创立，从2013年开始定位在社交互联网领域，并以新媒体和手机游戏等作为公司的主流产品和方向并取得了迅猛的突破和发展。大禹网络致力于为社交互联网用户提供最受欢迎的数字娱乐产品，为最具才华、激情和娱乐精神的童鞋提供工作的舞台。新媒体上，大禹人积累了过亿的粉丝资源，社交营销处于行业最顶尖地位；在web和移动开发上，大禹是腾讯最高级的第三方开发商，应用日活跃用户超过100万，PC端开发连续两年进入腾讯创新创业大赛全国50强。2014年，公司被苏州政府邀请并落户在风景优美环境舒适的独墅湖高教区东南大学研究院内。公司现主营业务快速发展，我们正在寻找这样一群人，他们具有强烈的自我驱动意识，追求卓越和对于产品不断优化的癖好，充沛的精力和工作热情，坦诚的做人、做事风格。如果你是这样的人，请赶紧联系到组织。'),
(141, 'zxy13', '软件/互联网开发/系统集成', '系统架构设计师', '软件开发-系统架构师', '6000', '8000', '4', '159', '软件开发-系统架构师工作职责：（具体描述） \r\n1.   参软件产品与项目软件的需求分析与软件架构规划、设计；\r\n2.   负责项目业务需求梳理，编写软件架构设计文档；\r\n3.   指导项目实施人员进行系统实现；\r\n \r\n4.   熟悉APP开发、移动平台\r\n\r\n5.   完成领导交办的其他工作；\r\n\r\n岗位要求： \r\n1.     本科以上学历，计算机或相关专业毕业,五年以上Java C++等开发经验，两年以上软件架构经验；\r\n2.     扎实的c/c++基础，熟悉IOS/C++/JAVA/COCOS2D-X语言开发；\r\n3.     熟悉CocoaTouch框架；\r\n4.   熟悉Mysql、Oracle数据库的开发与使用；\r\n5.   能承担项目组核心开发或设计工作，并能够按要求、高质量地完成开发或设计任务。\r\n6.   熟练掌握OOD,OOP以及设计模式等基本设计方法；\r\n7.   具备良好的编程习惯、文档写作及管理能力，一定的用户需求分析、程序设计的能力；\r\n8.   熟悉常用的手机软件调试方法和技巧，具有良好沟通能力和分析能力，设计能力和学习能力，拥有强烈的责任心和团队合作精神。'),
(142, 'zxy13', '软件/互联网开发/系统集成', '游戏策划', '游戏策划师', '10000', '15000', '4', '160', '1.大专以上学历，专业不限\r\n2.热爱游戏，对游戏创作和开发充满激情；\r\n3.丰富的游戏的经历，对各种游戏好玩性有深刻理解，并能将线上游戏转化为先下活动。\r\n4.有良好的文档能力；\r\n5.有良好的逻辑思维和严谨的工作态度；\r\n6.良好的团队合作和沟通技能；\r\n7.能够承受一定的工作压力，在紧凑的计划安排下按时完成任务；\r\n8.有责任心，学习能力强，积极进取，工作严谨；\r\n9.有独立操作项目经验。'),
(143, 'sjc12', '互联网产品/运营管理', '网站编辑', '微信运营岗', '3000', '6000', '0', '161', '岗位职责:\r\n\r\n负责数个累计千万粉丝资源的新媒体账号每日的运营，和庞大的用户群体互动，增强其曝光量，提高用户对其的关注度：\r\n1、维护微信平台，提升内容关注度和粉丝活跃度；\r\n2、创作互联网化的高品质文案内容，并对文案效果进行数据分析和优化；\r\n3、策划、执行推广活动，跟踪推广活动效果，建立有效的运营手段。\r\n\r\n职位要求：\r\n1、掌握图像处理和视频编辑的基本技能；\r\n2、对社交互联网和新媒体的理解高于80%的人；\r\n3、具备秒杀群雄的互联网文案功底；\r\n4、能够捕获最新热点，并为我所用；\r\n5、善于换位思考，做出用户喜欢的内容，而不是自己YY的内容；\r\n6、具备超凡的学习能力，掌握社交新媒体最新玩法；\r\n7、追求卓越，平庸的态度只能做出平庸的事情；\r\n8、具有创新精神，对事情总能做出思考，并提出自己的想法；\r\n9、具备抗压能力，与全国最顶尖的运营者在同一舞台竞争；\r\n10、具备高效执行力，不被执行的想法，价值为0；\r\n11、勇于接受挑战，承担责任！ \r\n\r\n公司为优秀和合适的人才提供一线城市的薪资待遇。\r\n加入公司，您将享受：\r\n1.优厚的福利待遇：\r\n提供行业内极具竞争力的薪酬；\r\n缴纳园区社保；\r\n月绩效奖，项目奖，年终奖，总裁奖等多重激励制度；\r\n非本地员工提供住宿；\r\n加班餐补；\r\n节日津贴；\r\n丰富的员工活动，培训及拓展。\r\n\r\n2.完整的发展平台 \r\n公司以人文本，追求卓越，致力于打造行业内最具竞争力的团队。坚信人才是企业最大的价值，坚持与优秀的人一起做优秀的事。大禹的创始人和管理人员将公司理解为为人才服务的平台。\r\n\r\n3.和谐的工作氛围 \r\n公司是一个充满活力而又才华横溢的大家庭，公司内所有员工均为家庭一员。在这里的每一个人，工作中是伙伴和战友，工作外是亲人和朋友。这里打造的是一种有创意，有想法，有理想，有追求，同时也兼备高效执行力的团队。如果你有强大的自我驱动力，也有很高的团队协作意识，请加入我们，大禹网络全体员工张开双手，热情拥抱。\r\n  \r\n备注：可直接在线投递或将您的简历发送至邮箱tiantianmas@dayukeji.com。\r\n\r\n大禹网络科技有限公司于2012年由一群北大的研究生校友创立，从2013年开始定位在社交互联网领域，并以新媒体和手机游戏等作为公司的主流产品和方向并取得了迅猛的突破和发展。大禹网络致力于为社交互联网用户提供最受欢迎的数字娱乐产品，为最具才华、激情和娱乐精神的童鞋提供工作的舞台。新媒体上，大禹人积累了过亿的粉丝资源，社交营销处于行业最顶尖地位；在web和移动开发上，大禹是腾讯最高级的第三方开发商，应用日活跃用户超过100万，PC端开发连续两年进入腾讯创新创业大赛全国50强。2014年，公司被苏州政府邀请并落户在风景优美环境舒适的独墅湖高教区东南大学研究院内。公司现主营业务快速发展，我们正在寻找这样一群人，他们具有强烈的自我驱动意识，追求卓越和对于产品不断优化的癖好，充沛的精力和工作热情，坦诚的做人、做事风格。如果你是这样的人，请赶紧联系到组织。'),
(144, 'sjc12', '互联网产品/运营管理', '网络运营专员/助理', '新媒体运营', '2000', '4000', '0', '162', '岗位职责:\r\n\r\n负责数个累计千万粉丝资源的新媒体账号每日的运营，和庞大的用户群体互动，增强其曝光量，提高用户对其的关注度：\r\n1、维护微博平台，提升内容关注度和粉丝活跃度；\r\n2、创作互联网化的高品质文案内容，并对文案效果进行数据分析和优化；\r\n3、策划、执行推广活动，跟踪推广活动效果，建立有效的运营手段。\r\n\r\n职位要求：\r\n1、对于社交互联网和新媒体的理解高于80%的人；\r\n2、具备秒杀群雄的互联网文案功底；\r\n3、能够捕获最新热点，并为我所用；\r\n4、善于换位思考，做出用户喜欢的内容，而不是自己YY的内容；\r\n5、具备超凡的学习能力，掌握社交新媒体最新玩法；\r\n6、追求卓越，平庸的态度只能做出平庸的事情；\r\n7、具有创新精神，对事情总能做出思考，并提出自己的想法；\r\n8、具备抗压能力，与全国最顶尖的运营者在同一舞台竞争；\r\n9、具备高效执行力，不被执行的想法，价值为0；\r\n10、勇于接受挑战，承担责任！ \r\n\r\n\r\n公司为优秀和合适的人才提供一线城市的薪资待遇。\r\n加入公司，您将享受：\r\n1.优厚的福利待遇：\r\n提供行业内极具竞争力的薪酬；\r\n缴纳园区社保；\r\n月绩效奖，项目奖，年终奖，总裁奖等多重激励制度；\r\n非本地员工提供住宿；\r\n加班餐补；\r\n节日津贴；\r\n丰富的员工活动，培训及拓展。\r\n\r\n2.完整的发展平台 \r\n公司以人文本，追求卓越，致力于打造行业内最具竞争力的团队。坚信人才是企业最大的价值，坚持与优秀的人一起做优秀的事。大禹的创始人和管理人员将公司理解为为人才服务的平台。\r\n\r\n3.和谐的工作氛围 \r\n公司是一个充满活力而又才华横溢的大家庭，公司内所有员工均为家庭一员。在这里的每一个人，工作中是伙伴和战友，工作外是亲人和朋友。这里打造的是一种有创意，有想法，有理想，有追求，同时也兼备高效执行力的团队。如果你有强大的自我驱动力，也有很高的团队协作意识，请加入我们，大禹网络全体员工张开双手，热情拥抱。\r\n  \r\n备注：可直接在线投递或将您的简历发送至邮箱tiantianmas@dayukeji.com。\r\n\r\n大禹网络科技有限公司于2012年由一群北大的研究生校友创立，从2013年开始定位在社交互联网领域，并以新媒体和手机游戏等作为公司的主流产品和方向并取得了迅猛的突破和发展。大禹网络致力于为社交互联网用户提供最受欢迎的数字娱乐产品，为最具才华、激情和娱乐精神的童鞋提供工作的舞台。新媒体上，大禹人积累了过亿的粉丝资源，社交营销处于行业最顶尖地位；在web和移动开发上，大禹是腾讯最高级的第三方开发商，应用日活跃用户超过100万，PC端开发连续两年进入腾讯创新创业大赛全国50强。2014年，公司被苏州政府邀请并落户在风景优美环境舒适的独墅湖高教区东南大学研究院内。公司现主营业务快速发展，我们正在寻找这样一群人，他们具有强烈的自我驱动意识，追求卓越和对于产品不断优化的癖好，充沛的精力和工作热情，坦诚的做人、做事风格。如果你是这样的人，请赶紧联系到组织。'),
(145, 'zxy14', '软件/互联网开发/系统集成', '手机软件开发工程师', 'IOS高级工程师', '10000', '15000', '5', '163', '岗位要求：\r\n1、计算机相关专业，专科及以上学历；\r\n2、1年以上IOS (Objective C)平台开发经验，开发过成熟的产品；\r\n3、熟悉iPhone开发工具和相关开发测试工具的使用，有良好的编码习惯；\r\n4、精通IOS开发平台、技术框架；\r\n5、拥有良好的沟通能力和团队合作意识；\r\n6、有互连网公司工作经验优先；\r\n7、了解Android、JAVA语言着优先。\r\n职位描述：\r\n1、对公司现有产品的完善和优化；\r\n2、负责IOS移动客户端开发，根据项目任务计划按时完成软件编码和单元测试工作\r\n3、依据业务需求进行IOS平台新技术研究\r\n4、根据新产品开发进度和任务分配，开发相应的软件模块；'),
(146, 'zxy14', '软件/互联网开发/系统集成', '高级软件工程师', '技术经理', '8000', '9000', '3', '164', '职位要求：\r\n\r\n1、大专以上学历，计算机相关专业，2年以上工作经验。 \r\n2、精通PHP+MySQL开发，熟悉MYSQL更佳。 \r\n3、熟悉Linux操作系统，熟悉SQL、HTML、DHTML、CSS、DIV、XML、XSLT、JavaScript等技术及相关知识；\r\n4、有良好的编程习惯和简洁清晰的代码风格，能PHP独立编码。 \r\n5、熟悉Apache或nginx在Linux环境下的服务器配置。 \r\n6、熟悉主流开发框架，如：zend framework，thinkphp等。\r\n7、熟悉svn，富于团队精神和敬业精神，具有良好的自学能力和独立解决问题的能力以及良好的沟通能力。 \r\n8、熟悉java编程与参与过大型网站开发者，或熟悉ecshop、phpcms优先。\r\n9、应聘者需说明开发过的作品\r\n\r\n职位描述：\r\n\r\n1、独立或者分组进行针对网站和项目需求的功能开发和优化；\r\n2、负责公司程序编码编写规范，对现有产品进行二次开发；\r\n3、根据项目开发进度和任务分配，开发相应的应用模块；\r\n4、根据需要不断修改完善项目功能；\r\n5、深入理解产品原型，保持与产品人员的随时沟通，不断改进产品功能流程或逻辑；\r\n6、解决项目开发过程中遇到的技术和业务问题；'),
(147, 'zxy14', '互联网产品/运营管理', '互联网产品经理/主管', '互联网营销经理', '8000', '9000', '3', '165', '职位要求：\r\n\r\n1.本科以上学历，3年以上市场营销推广经验，熟悉互联网产品推广手段；\r\n2.对品牌及市场营销有较深厚的理解，有良好的市场信息分析能力，能精确洞察客户的需求；\r\n3.优秀的文字功底和出色的设计感，具有宣传文案、策划方案的设计和写作能力；\r\n4.有出色的人际沟通技巧和商务谈判能力，具有优秀的资源整合能力和业务推进能力；          \r\n5.有做过网络产品优先。\r\n\r\n职位描述：\r\n\r\n1.负责公司的市场策划和商务推广工作；\r\n2.负责信息交易平台业务的各类线上营销活动、事件、话题的策划，市场品牌创意策划及创意方案撰写；\r\n3.负责产品营销全案的策划及执行把控（包括营销主题、PR、活动、合作、事件营销等），对推广效果跟踪、分析、评估、调整和优化；\r\n4.通过与运营，产品等部门合作，落实市场推广和营销方案，开发和实现营销推广需求；\r\n5.良好的数据分析能力，对产品的运营数据、营销数据能够进行分析与解读，指导日常工作\r\n6.拓展和建立合作伙伴资源，独立开展商务合作和联合营销活动，提高产品与品牌曝光。\r\n'),
(148, 'zxy14', '软件/互联网开发/系统集成', '互联网软件工程师', '网站开发工程师', '5000', '7000', '2', '166', '职位要求：\r\n\r\n1、精通PHP/Java语言\r\n2、精通CSS+DIV的页面设计，精通JS脚本编写，熟悉AJAX技术和模板技术；\r\n3、熟悉服务器的维护，数据库的设计、使用与性能调优，熟练使用SqlServer或MySQL其中一种数据库进行业务开发；\r\n4、独立完成所分配的开发任务，同时能够根据开发流程要求完成相应文档；\r\n5、认真负责，沟通协作意识良好，能够承担工作压力，具备良好的逻辑思维能力和学习能力。\r\n6、愿意学习新的技术\r\n7、计算机相关专业专科及以上学历；\r\n优先条件：\r\n2年以上相关开发经验者优先\r\n\r\n职位描述：\r\n\r\n1、负责网站前端页面的设计、编码及维护；\r\n2、负责网站后端相关工作，主要包括代码编写、数据库设计与维护管理。\r\n2、参与网站的架构总体设计\r\n3、参与系统数据库的设计\r\n5、学习最新的Web 技术，并运用在项目中。'),
(149, 'zxy14', '软件/互联网开发/系统集成', '用户界面（UI）设计', 'UI设计师', '6000', '8000', '1', '167', '职位要求：\r\n\r\n1、专科及以上学历，计算机或者美术设计类相关专业，一年以上UI设计经验；\r\n2、对视觉设计、色彩有敏锐的观察力及分析能力，富有创造力；\r\n3、熟练使用Dreamweaver、Photoshop、Illustrator、flash、CorelDraw等相关软件；\r\n4、熟悉HTML5、Css、Js、jquery, 并且熟悉bootstrap等框架完成静态页面制作；\r\n5、具备较好的沟通能力和逻辑思维能力，有良好的团队合作精神；\r\n6、对移动端网站易用性、可用性及用户体验有深刻理解；\r\n7、责任心强、能承受一定的工作压力；\r\n8、会前端编码者优先。\r\n\r\n职位描述：\r\n\r\n1、负责从视觉和操作层面对公司手机端和pc端页面风格进行设计、开发、及维护；\r\n2、负责配合开发人员完成移动端和pc端界面的设计和页面美化等工作；\r\n3、负责产品宣传、手册、各类附件的美术设计工作；\r\n4、结合用户体验，优化完善设计流程，高质量完成产品设计；\r\n5、负责制定项目UI的详细设计规范；\r\n6、负责软件测试、测试文档撰写/维护；\r\n7、快速响应市场及用户的反映，进行设计的优化改进及完善设计。'),
(150, 'zxy14', '软件/互联网开发/系统集成', '手机软件开发工程师', 'HTML5手机APP开发', '5000', '7000', '1', '168', '职位要求：\r\n\r\n1.1年以上WEBAPP开发经验或者2年以上网站前端开发经验；\r\n2.精通DIV+CSS和W3C标准，HTML5 和 Mobile Web 开发，能熟练运用HTML5、CSS进行合理的网页制作，深刻理解各主流浏览器之间的兼容性；\r\n3.熟练掌握Javascript、HTML/HTML5/XML、CSS/CSS3、Ajax等前端开发技术，能够熟练运用HTML5特性构建移动端的WebApp；\r\n4.熟悉编写能够自动适应HTML5界面，能让网页格式自动适应各款各大小的手机；\r\n5.利用HTML5相关技术开发移动平台、PC终端的前端页面；\r\n6.熟悉交互设计，对可用性，可访问性等用户体验知识有相当的了解和实践经验；\r\n7.熟练掌握使用JavaScript进行Web App开发；\r\n8.了解Jquery等Javascript开发架构和框架\r\n9.熟悉wibkit 、手机浏览器适配和基于系统webview的浏览器相关优化\r\n10.熟悉http/xml/json/webservices/rest等网络通信技术\r\n11.熟悉至少一种JS框架（jquery为主），可以完成DOM处理、Ajax和事件处理，能快速高效实现各种动画交互效果；\r\n12.对网站及页面性能优化有一定认识和经验\r\n13.有移动App相关应用开发经验；有微信相关开发经验者优先；了解一种后端技术（如PHP）更佳\r\n14.具备良好的服务意识、责任心、较强的学习能力；\r\n\r\n职位描述：\r\n\r\n1.基于HTML5.0标准进行页面制作，并封装实现可复用的控件；\r\n2.根据需求完成HTML5移动应用编程方面的工作。\r\n3.有移动App相关应用开发经验；\r\n4.有微信相关开发经验者优先；\r\n5.了解一种后端技术（如PHP）更佳'),
(151, 'zxy14', '软件/互联网开发/系统集成', 'WEB前端开发', 'web前端开发工程师', '8000', '10000', '1', '169', '职位要求：\r\n\r\n1.掌握Web前端开发技术，网站性能优化、SEO，会运用各种工具进行辅助开发，包括代码的可维护性、组件的易用性、分层语义模板和浏览器分级支持等\r\n2.掌握各种修图软件，如PSFireworksAI\r\n3.掌握FLASH，能制作出动态flash相册，会Flash AS3.0编程。\r\n4.精通JavaScript、jQuery、ExtJS等页面效果框架，\r\n5.精通一二种模板语言，并能修改，如织梦或wordpress的模板\r\n6.掌握thinkphp与zend框架，能修改此类开源源码\r\n7.掌握html5与sencha，\r\n8.掌握一二种后端编程语言，如PHP、.NET、JAVA，能读懂后端源码\r\n9.需掌握Flash/Flex、Silverlight、XML和服务器端语言\r\n10.二年以上前端开发工作经验，有大型互联网公司或IT公司任职经历者优先；\r\n\r\n\r\n职位描述：\r\n\r\n1、移动设备（手机、Pad）上的HTML5前端开发，Web前端表现层及与后端交互的设计和开发工作\r\n2、JavaScript程序模块开发，通用类库、框架编写；\r\n3、利用各种移动Web技术进行开发，制作标准优化的代码，并增加交互动态功能，致力于通过技术改善用户体验\r\n4、对前端开发的技术架构进行评估与规范化、产品化，并制定相关的技术规范。\r\n5、追踪前端技术的发展，结合实际应用需求进行技术的改进与创新。\r\n6、与产品经理、交互设计师、视觉设计师以及后台开发人员的协作实现产品界面和功能；'),
(152, 'zxy15', '软件/互联网开发/系统集成', '手机软件开发工程师', '安卓应用开发工程师', '8000', '9000', '4', '170', '熟悉一般的软件开发流程与工具，熟悉面向对象的编程思想和设计开发方法，熟悉Android应用开发的语言，软件框架，开发工具, 熟悉Android应用的发布更新等。认为独立开发Android App是小菜一碟。'),
(153, 'zxy15', '软件/互联网开发/系统集成', '软件工程师', '服务器端应用开发工程师', '8000', '10000', '1', '171', '熟悉一般的软件开发流程与工具，熟悉面向对象的编程思想和设计开发方法，熟悉Wei Service开发，熟悉一种或几种常用后台开发框架如java EE相关框架/Ruby on Rails/Zope/Django/Web2py...，熟悉应用服务器的架设，熟悉一种或几种数据库软件，熟悉数据库的设计优化，了解互联网安全技术和分布式计算。认为独立开发移动应用的后台是小菜一碟。');
INSERT INTO `recruiter_demand` (`id`, `username`, `demand_field`, `demand_job`, `demand_jobname`, `demand_salary_min`, `demand_salary_max`, `demand_experience`, `id_cloud`, `demand_detail`) VALUES
(154, 'sjc12', '软件/互联网开发/系统集成', '游戏设计/开发', '游戏服务器开发工程师', '6000', '8000', '2', '172', '岗位职责：\r\n\r\n1、负责游戏产品服务器端的架构设计，核心功能模块的设计、编码、单元测试、维护；\r\n2、负责与游戏客户端成员进行交互设计，配合完成游戏数据方面通信工作；\r\n3、快速学习并掌握项目中使用的新技术，及时反馈开发中的问题，并根据实际情况提出改进建议或意见；\r\n\r\n职位要求：\r\n\r\n1、3年以上服务器端程序开发经验，一年以上手游服务器主程岗位工作经验优先，并熟练使用JAVA、PHP中的一门或几门语言；\r\n2、具有MySQL索引优化、查询优化和存储优化经验、缓存技术、静态化设计方面的经验，要求随时随地贯彻最优化开发的思想，所负责的项目须能承担繁重的访问压力；\r\n3、熟练MVC开发，掌握部分开源PHP或JAVA框架；\r\n4、至少参与完成过1款完整的网游项目开发；\r\n\r\n公司为优秀和合适的人才提供一线城市的薪资待遇。\r\n加入公司，您将享受：\r\n1.优厚的福利待遇：\r\n提供行业内极具竞争力的薪酬；\r\n缴纳园区社保；\r\n月绩效奖，项目奖，年终奖，总裁奖等多重激励制度；\r\n非本地员工提供住宿；\r\n加班餐补；\r\n节日津贴；\r\n丰富的员工活动，培训及拓展。\r\n\r\n2.完整的发展平台\r\n公司以人文本，追求卓越，致力于打造行业内最具竞争力的团队。坚信人才是企业最大的价值，坚持与优秀的人一起做优秀的事。大禹的创始人和管理人员将公司理解为为人才服务的平台。\r\n\r\n3.和谐的工作氛围\r\n公司是一个充满活力而又才华横溢的大家庭，公司内所有员工均为家庭一员。在这里的每一个人，工作中是伙伴和战友，工作外是亲人和朋友。这里打造的是一种有创意，有想法，有理想，有追求，同时也兼备高效执行力的团队。如果你有强大的自我驱动力，也有很高的团队协作意识，请加入我们，大禹网络全体员工张开双手，热情拥抱。\r\n\r\n备注：可直接在线投递或将您的简历发送至邮箱tiantianmas@dayukeji.com。\r\n\r\n大禹网络科技有限公司于2012年由一群北大的研究生校友创立，从2013年开始定位在社交互联网领域，并以新媒体和手机游戏等作为公司的主流产品和方向并取得了迅猛的突破和发展。大禹网络致力于为社交互联网用户提供最受欢迎的数字娱乐产品，为最具才华、激情和娱乐精神的童鞋提供工作的舞台。新媒体上，大禹人积累了过亿的粉丝资源，社交营销处于行业最顶尖地位；在web和移动开发上，大禹是腾讯最高级的第三方开发商，应用日活跃用户超过100万，PC端开发连续两年进入腾讯创新创业大赛全国50强。2014年，公司被苏州政府邀请并落户在风景优美环境舒适的独墅湖高教区东南大学研究院内。公司现主营业务快速发展，我们正在寻找这样一群人，他们具有强烈的自我驱动意识，追求卓越和对于产品不断优化的癖好，充沛的精力和工作热情，坦诚的做人、做事风格。如果你是这样的人，请赶紧联系到组织。'),
(155, 'zxy15', '软件/互联网开发/系统集成', '手机软件开发工程师', 'Android应用开发工程师', '8000', '9000', '1', '173', '熟悉一般的软件开发流程与工具，熟悉面向对象的编程思想和设计开发方法，熟悉Android应用开发的语言，软件框架，开发工具, 熟悉Android应用的发布更新等。认为独立开发Android App是小菜一碟。\r\n'),
(156, 'sjc12', '软件/互联网开发/系统集成', '游戏设计/开发', 'cocos2d-x手机游戏开发工程师', '6000', '8000', '0', '174', '工作职责\r\n1、手机端游戏功能开发及ios方面移植\r\n2、独立完成游戏模块\r\n\r\n\r\n职位要求：\r\n1、1年使用cocos2d-x开发经验，有已上架手机游戏的制作经验；\r\n2、熟悉C、C++、Object-c编程语言、精通面向对象编程思想、熟悉数据结构；\r\n3、熟悉Socket及HTTP协议者优先\r\n4、热爱游戏 、有自己对于游戏的见解\r\n5、有良好的团队合作精神；\r\n\r\n公司为优秀和合适的人才提供一线城市的薪资待遇。\r\n加入公司，您将享受：\r\n1.优厚的福利待遇：\r\n提供行业内极具竞争力的薪酬；\r\n缴纳园区社保；\r\n月绩效奖，项目奖，年终奖，总裁奖等多重激励制度；\r\n非本地员工提供住宿；\r\n加班餐补；\r\n节日津贴；\r\n丰富的员工活动，培训及拓展。\r\n\r\n2.完整的发展平台 \r\n公司以人文本，追求卓越，致力于打造行业内最具竞争力的团队。坚信人才是企业最大的价值，坚持与优秀的人一起做优秀的事。大禹的创始人和管理人员将公司理解为为人才服务的平台。\r\n\r\n3.和谐的工作氛围 \r\n公司是一个充满活力而又才华横溢的大家庭，公司内所有员工均为家庭一员。在这里的每一个人，工作中是伙伴和战友，工作外是亲人和朋友。这里打造的是一种有创意，有想法，有理想，有追求，同时也兼备高效执行力的团队。如果你有强大的自我驱动力，也有很高的团队协作意识，请加入我们，大禹网络全体员工张开双手，热情拥抱。\r\n  \r\n备注：可直接在线投递或将您的简历发送至邮箱tiantianmas@dayukeji.com。\r\n\r\n大禹网络科技有限公司于2012年由一群北大的研究生校友创立，从2013年开始定位在社交互联网领域，并以新媒体和手机游戏等作为公司的主流产品和方向并取得了迅猛的突破和发展。大禹网络致力于为社交互联网用户提供最受欢迎的数字娱乐产品，为最具才华、激情和娱乐精神的童鞋提供工作的舞台。新媒体上，大禹人积累了过亿的粉丝资源，社交营销处于行业最顶尖地位；在web和移动开发上，大禹是腾讯最高级的第三方开发商，应用日活跃用户超过100万，PC端开发连续两年进入腾讯创新创业大赛全国500强。2014年，公司被苏州政府邀请并落户在风景优美环境舒适的独墅湖高教区东南大学研究院内。公司现主营业务快速发展，我们正在寻找这样一群人，他们具有强烈的自我驱动意识，追求卓越和对于产品不断优化的癖好，充沛的精力和工作热情，坦诚的做人、做事风格。如果你是这样的人，请赶紧联系到组织。'),
(157, 'zxy15', '软件/互联网开发/系统集成', '软件工程师', '软件开发实习生', '4000', '6000', '0', '175', '熟悉一般的软件开发流程与工具，熟悉面向对象的编程思想和设计开发方法，熟悉一种主流的开发语言（Objective-C, Java)及开发工具。\r\n'),
(158, 'zxy16', 'IT运维/技术支持', 'IT技术支持/维护工程师', '初级网络硬件工程师(外派）', '2000', '4000', '1', '176', '职责描述：\r\n1、公司计算机软硬件的日常维护及管理；\r\n2、网路和服务器升级，备份、恢复和问题解决；\r\n3、交换机，防火墙，文件、邮件服务器和域服务器的管理；\r\n4、优化网络系统，规划调整设备配置，完成路由器/交换机/防火墙的配置施工，参与服务器与应用系统的管理，确保系统的稳定可靠运行；\r\n5、电脑周边设备（打印机、扫描仪、传真机、复印机、投影仪等）安装与维护；\r\n6、协助公司电脑及周边设备的采购，小型应用软件的采购；\r\n7、领导交予的其它工作。\r\n\r\n任职要求：\r\n1、计算机或IT相关专业，大专或大专以上学历；有CCNP，微软认证系统工程师（MCSE）或者其他同等网络认证的优先考虑；\r\n2、一年以上的企业网络管理、服务器网管工作经验，能对网络故障进行快速定位和排除；\r\n3、熟悉PC机硬件维护，各种网络设备基本维护；对服务器、路由器、防火墙能够熟练操作及维护，具备故障诊断和处理能力；\r\n4、熟悉Windows 98/2k/XP/2003系统安装和维护；\r\n5、熟悉各类网络协议和服务，比如：TCP/IP协议、各类路由协议、WEB服务、DNS服务、DHCP服务、HTTP服务等；\r\n6、熟悉相关网络安全产品，如防火墙、IDS、防病毒，漏洞评估工具等；\r\n7、熟悉网络布线、公司集团电话布线、电话主机配置和维护等；\r\n8、良好的沟通能力和合作精神、工作主动性强、耐心细致、责任心强，具有吃苦耐劳精神。\r\n9、优秀应届毕业生尚可。'),
(159, 'zxy16', '软件/互联网开发/系统集成', 'ERP技术/开发应用', 'ERP实施', '2001', '4000', '1', '177', '1、计算机管理大专科及以上学历。\r\n2、熟悉SQL Server2005或以上版本的应用和管理，具备编程能力优先；\r\n3、具备良好的沟通协调能力和团队合作精神，敢于承受压力和挑战；\r\n5、有学习了解鼎捷软件，易助，易飞等产品者优先考虑'),
(160, 'zxy16', '软件/互联网开发/系统集成', '软件工程师', '软件开发.NET', '2001', '4000', '1', '178', '职位描述如下：\r\n1. .NET项目、产品的开发及维护；\r\n2. 解决软件中出现的问题和对产品进行优化；\r\n3. 负责编写详细设计等相关文档；\r\n4. 使用VS  + sql server集成开发环境，\r\n\r\n任职要求：\r\n1. 计算机相关专业；\r\n2. 1年以上相关工作经验，有基于.net平台的开发经验；\r\n3. 具有面向对象思想和面向对象的开发经验。熟悉软件生命周期及开发流程；\r\n4. 熟练掌握JavaScript 、css 、XML、html、C#；\r\n5. 熟练掌握SQL Server数据库系统，熟练存储过程及触发器的使用；\r\n6. 能按照规范的软件开发流程，完成编码和测试工作，具有规范的开发文档写作能力；\r\n7. 逻辑思维清晰，做事认真、细致，表达能力强，具备良好的领悟能力及沟通能力、优秀的学习能力和团队协作能力及吃苦耐劳的工作精神。'),
(161, 'sjc13', '软件/互联网开发/系统集成', '用户界面（UI）设计', '移动产品设计', '4000', '6000', '4', '179', '我们对您的期望：\r\n\r\n1、有移动应用产品设计经验，熟悉安卓和 iOS 交互设计规范；\r\n\r\n2、热爱数码产品，对用户体验感受敏锐，逻辑能力强，懂审美；\r\n3、良好的沟通能力，优秀的学习能力，团队协作精神，高度的责任感和抗压能力；\r\n\r\n4、能够基于用户反馈和使用中的痛点，提出合理完善，有创新性的功能设计；\r\n5、能够撰写高质量的需求文档，交互设计文档，以及流利的表达。\r\n优先条件：\r\n\r\n1、有在互联网公司移动产品设计相关岗位的工作经验；\r\n\r\n2、有自己负责过的移动产品或功能。'),
(162, 'zxy16', '软件/互联网开发/系统集成', '软件工程师', '软件开发JAVA', '2001', '4000', '1', '180', '工作职责：\r\n1.根据项目要求完成模块详细设计和编程实现 \r\n2.根据公司技术文档规范撰写模块详细设计文档 \r\n3.研究项目技术细节,编写相应的说明书\r\n4.系统开发测试、部署和集成。\r\n任职资格：\r\n1.计算机相关专业\r\n2.精通Java和面向对象开发设计方法，熟悉Hibernate、Spring等开源框架；\r\n3.精通WEB页面的开发技术\r\n4.熟悉主流应用服务器1-2种（Tomcat/Weblogic/Websphere等）；\r\n5.有较强的理解、学习能力和良好的团队协调沟通能力。\r\n6.掌握数据库基本知识，熟悉Oracle、SQL Server、Mysql等数据库的使用和开发，熟悉基于数据库的应用开发；\r\n7.熟悉CVS/SVN等版本控制工具，掌握规范化的软件开发方法，能够快速有效地完成开发任务；'),
(163, 'sjc13', '软件/互联网开发/系统集成', '手机软件开发工程师', '移动应用开发android工程师', '10000', '15000', '2', '181', '描述：\r\n1、android移动平台客户端软件系统架构分析、设计及功能开发和实现；\r\n2、android产品的日常开发和维护；\r\n3、android相关技术的研究 。\r\n\r\n要求：\r\n1、熟练使用Android SDK及相关开发工具；安卓软件系统，软件开发工具包；\r\n2、熟悉HTTP、TCP(传输控制协议)/IP(网际协议)通讯协议、android开发环境(安卓开发操作系统)及底层API(应用程序接口)的调用；\r\n3、精通java语言及面向对象编程及设计模式；熟练掌握数据库、xml、json协议，socket通讯、多线程等常用技术。\r\n4、3年以上安卓开发经验；参与过3个以上完整的移动APP开发,有大型移动互联网APP开发经验优先；\r\n5、工作积极主动，良好的团队合作精神，有较强责任感和严谨工作作风，对移动产品有浓厚兴趣，对业内产品有很好的理解和敏感度具备较强的沟通表达能力、理解分析能力和问题解决能力；'),
(164, 'sjc13', '软件/互联网开发/系统集成', '手机软件开发工程师', '移动应用开发ios开发工程师', '10000', '15000', '2', '182', '职位描述  \r\n1、根据系统需求，负责完成移动APP的设计和开发；  \r\n2、参与或者独立承担iOS应用软件开发与维护。  \r\n   \r\n   \r\n任职资格  \r\n1、熟悉iOS平台，对手机开发系统有全面的了解，1年以上的iOS（iPhone/iPad）项目开发工作经验；  \r\n2、熟练掌握iOS SDK、XCode和Object-C语言，能够根据产品设计独立完成手机客户端应用及核心代码的编写;  \r\n3、熟悉iOS下网络通信机制，熟悉TCP/IP，HTTP协议；  \r\n4、思路清晰，思维敏捷，快速的学习能力；  \r\n5、具有良好的编程习惯，有较强的代码阅读能力和学习能力，对移动产品有浓厚兴趣；  \r\n6、能承担较大工作压力，具备良好的沟通能力和团队合作精神。'),
(165, 'sjc13', '软件/互联网开发/系统集成', '手机软件开发工程师', 'IOS软件开发工程师', '10000', '15000', '2', '183', '职位描述  \r\n1、根据系统需求，负责完成移动APP的设计和开发；  \r\n2、参与或者独立承担iOS应用软件开发与维护。  \r\n   \r\n   \r\n任职资格  \r\n1、熟悉iOS平台，对手机开发系统有全面的了解，1年以上的iOS（iPhone/iPad）项目开发工作经验；  \r\n2、熟练掌握iOS SDK、XCode和Object-C语言，能够根据产品设计独立完成手机客户端应用及核心代码的编写;  \r\n3、熟悉iOS下网络通信机制，熟悉TCP/IP，HTTP协议；  \r\n4、思路清晰，思维敏捷，快速的学习能力；  \r\n5、具有良好的编程习惯，有较强的代码阅读能力和学习能力，对移动产品有浓厚兴趣；  \r\n6、能承担较大工作压力，具备良好的沟通能力和团队合作精神。'),
(166, 'sjc13', 'IT管理/项目协调', 'IT项目经理/主管', '项目经理', '6000', '10000', '4', '184', '岗位职责 \r\n1、根据公司的产品要求，制定项目范围及总体目标，制定合理的项目组织架构保证项目目标的实现\r\n2、根据项目需求制定项目里程碑计划和总体详细计划，量化任务，并合理分配给相应的人员； \r\n3、跟踪项目的进度，协调项目组成员之间的合作； \r\n4、对项目的质量、提交物、成本进度、客户满意度等负责； \r\n5、负责项目的需求调研和需求分析工作，以及需求的变更和控制； \r\n6、完成上级安排的其他相关工作。 \r\n任职要求： \r\n1 、计算机及相关专业本科以上学历； \r\n2 、三年以上开发经验，至少两年以上项目管理经验，成功实施过软件项目经验；\r\n3 、具备很强的逻辑思维能力，有预见性； \r\n4 、熟悉项目管理知识体系； \r\n5 、熟悉主流的开发语言； \r\n6 、有良好沟通能力、培训能力和强烈的责任心，优秀的书面和口头表达能力，能承受较大工作压力，敢于接受压力和挑战；能够独立完成任务的公关；\r\n7 、良好的团队领导能力。'),
(167, 'sjc13', '软件/互联网开发/系统集成', '软件工程师', 'android程序员', '6000', '15000', '2', '185', '描述：\r\n1、android移动平台客户端软件系统架构分析、设计及功能开发和实现；\r\n2、android产品的日常开发和维护；\r\n3、android相关技术的研究 。\r\n\r\n\r\n要求：\r\n1、熟练使用Android SDK及相关开发工具；安卓软件系统，软件开发工具包；\r\n2、熟悉HTTP、TCP(传输控制协议)/IP(网际协议)通讯协议、android开发环境(安卓开发操作系统)及底层API(应用程序接口)的调用；\r\n3、精通java语言及面向对象编程及设计模式；熟练掌握数据库、xml、json协议，socket通讯、多线程等常用技术。\r\n4、3年以上安卓开发经验；参与过3个以上完整的移动APP开发,有大型移动互联网APP开发经验优先；\r\n5、工作积极主动，良好的团队合作精神，有较强责任感和严谨工作作风，对移动产品有浓厚兴趣，对业内产品有很好的理解和敏感度具备较强的沟通表达能力、理解分析能力和问题解决能力；'),
(168, 'sjc13', '软件/互联网开发/系统集成', '高级软件工程师', 'java资深工程师', '10000', '20000', '4', '186', '岗位要求：\r\n\r\n1、计算机、软件、网络、通信或应用数学等相关专业毕业；  \r\n2、有3年以上软件开发经验；  \r\n3、JAVA基础扎实，理解io、多线程、集合等基础框架，对JVM原理有一定的了解；  \r\n4、熟悉Spring mvc/Struts/Spring/Hibernate等开源框架；  \r\n6、熟悉关系型数据库基础知识，能够编写基本的 SQL 语句；  \r\n7、熟悉前端Web开发技术（包括：JavaScript，jQuery，HTML，CSS）；  \r\n8、具有较强的独立解决问题能力；  \r\n9、具备较强的模块化意识，熟悉Restful相关设计理念和思路；  \r\n10、熟悉Linux平台，能够使用常用的linux命令；  \r\n11、能保持不断学习的热情，具有较强的英语阅读和国外资料学习能力。'),
(169, 'sjc13', '软件/互联网开发/系统集成', '软件工程师', 'JAVA初级工程师', '6000', '15000', '2', '187', '要求：\r\n1、计算机、软件、网络、通信或应用数学等相关专业毕业；  \r\n2、有1年以上软件开发经验；  \r\n3、JAVA基础扎实，理解io、多线程、集合等基础框架，对JVM原理有一定的了解；  \r\n4、熟悉Spring mvc/Struts/Spring/Hibernate等开源框架；  \r\n6、熟悉关系型数据库基础知识，能够编写基本的 SQL 语句；  \r\n7、熟悉前端Web开发技术（包括：JavaScript，jQuery，HTML，CSS）；  \r\n8、具有一定的独立解决问题能力。'),
(170, 'sjc13', '软件/互联网开发/系统集成', '软件工程师', '软件测试工程师', '6000', '15000', '4', '188', '工作职责：  \r\n1、根据项目计划制定项目测试方案，测试用例并实施，保证项目质量和进度  \r\n2、独立进行功能测试、集成测试、压力测试、性能测试、回归测试并编写测试报告  \r\n3、跟踪和校验Bug，进行缺陷分析和缺陷报告；  \r\n4、协助开发人员准确定位诊断各类缺陷；  \r\n5、完善和整理测试业务相关文档；  \r\n6、必要时，能带领团队成员完成某个软件项目的整个测试工作   \r\n任职要求：\r\n1、计算机相关专业；3年以上的web/app测试工作经验    \r\n2、熟练掌握软件测试理论和方法，有扎实的测试用例设计能力  \r\n3、具有测试计划的制定、测试用例的分析及设计经验；  \r\n4、有独立完成整个软件项目测试的经验\r\n5、较强的学习能力、沟通能力及团队合作精神，强烈的责任感及进取精神。    \r\n6、工作细致，责任心强，可以承受较强的工作压力；适应加班。'),
(171, 'sjc13', '软件/互联网开发/系统集成', '软件工程师', 'Flex开发工程师', '6000', '15000', '2', '189', '岗位描述：\r\n1.精通Flex/Flash的开发流程和框架，熟练使用Flash Builder；\r\n2.熟练掌握AS3语言和AS3组件、类库, 掌握如何重构组件；\r\n3.有良好的代码编程习惯；\r\n4.熟练掌握flex前后台数据交互，熟悉AS3处理XML，熟悉Java与Flex的数据通信优先；\r\n5.按时完成项目开发任务，并与项目组其他成员紧密合作。\r\n6.具有较强的逻辑思维能力，乐于接受挑战\r\n优先条件：\r\n1、熟练掌握ActionScript 3语言，Flash/Flex相关开发经验一年以上；\r\n2、具有较强的团队合作精神，强烈的责任心，能够承受工作压力；'),
(172, 'sjc13', '软件/互联网开发/系统集成', 'WEB前端开发', 'Web前端开发', '4000', '6000', '4', '190', '岗位职责\r\n1.根据设计的PSD制作成静态网页，参与编写javascript效果\r\n2.参与安卓系统界面的设计制作\r\n3.其他美工相关的工作\r\n任职要求：\r\n1.二年以上网站网页制作经验；\r\n2.精通Photoshop、Dreamweaver等常用设计相关的软件；\r\n3.精通网页标准化设计xhtml(DIV+CSS)，熟悉html5、javascript、css样式表，能快速制作网页，了解不同浏览器的兼容性，熟悉W3C标准，熟悉CSS3，有android系统设计经验优先；\r\n4.有较强的平面设计感觉及良好的美术基础、审美能力和创意，色彩感强；\r\n5.有创新意识，责任心,进取心与团队合作精神，能尽快融入到工作中。'),
(173, 'sjc13', '软件/互联网开发/系统集成', '用户界面（UI）设计', 'UI设计师', '4000', '6000', '4', '191', '1.设计，美术相关专业大专以上学历，2年以上设计经验.；\r\n2.精通PhotoShop、Illustrator等常用设计软件；\r\n3.有美术基础及创新能力，了解设计流程与标准；\r\n4.有网页与移动端设计经验；\r\n5.良好的沟通理解能力，拥有团队合作精神和高度的责任感；\r\n6.发送简历时，请附上近期不同类型的作品。'),
(174, 'sjc14', '软件/互联网开发/系统集成', '软件工程师', 'Java Engineer', '6000', '15000', '2', '192', '任职要求：\r\n1、2-4年java开发经验\r\n2、熟悉java框架\r\n3、良好的英语读写能力\r\n4、能融入团队，善于团队合作'),
(175, 'sjc14', '软件/互联网开发/系统集成', '软件工程师', 'IOS Developer', '6000', '15000', '2', '193', 'Responsibilities\r\n1、Design and build advanced applications for the Android or iOS platform\r\n2、Collaborate with cross-functional teams to design, develop and ship new features.\r\n3、Unit-test code for robustness, including edge cases, usability, and general reliability.\r\n4、Work on bug fixing and improving application performance.\r\nRequirements\r\n1、BS/MS degree in Computer Science, Engineering or a related subject\r\nSolid Java or object-c programing skill is a MUST.\r\n2、2+ years of software development experience\r\n3、1+ years of Android or iOS development \r\n4、Experience with Android/iOS SDK\r\n5、Experience working with remote data via REST and JSON\r\n6、Solid understanding of the full mobile development life cycle.'),
(176, 'sjc14', 'IT质量管理/测试/配置管理', '软件测试', 'QA', '4000', '6000', '7', '194', '1. 5 + years of QA experience. \r\n2. Good at test cases creation/execution according to customer requirements. \r\n3. Familiar with kinds of software test modes and test tools. \r\n4. Familiar with Windows OS platforms, i.e. Windows 2008, Windows 2012, Win7, Win8. \r\n5. Good Spoken English to communicate with others. \r\n6. Have experience on LDAP and Email servers configuration. \r\n7. Familiar with SQL Server 2008/2012 installation, configuration, database creation/Restore and SQL language. \r\n8. Better to have experience on QTP or Selenium automation.'),
(177, 'sjc14', 'IT质量管理/测试/配置管理', '软件测试', 'Linux Shell QE', '4000', '6000', '7', '195', 'Responsibilities\r\nDevelop detailed automated tests from test plans, engineering discussions and functional specifications.\r\nCreate, maintain and extend the automated test infrastructure\r\nTroubleshoot test case and test harness infrastructure failures\r\nAnalyze automation test run results and report bugs\r\nSkills and Experience\r\nAbility to translate software system architectures into an integrated approach to software test\r\nExperience as developer/programmer in a software engineering environment.\r\nExperience with QA automation tools, scripting languages(shell), and programming languages (flex/Java/c/c++)\r\nExperience in Linux/Unix administration, knowledge about TET, file system, storage, web services, or Linux kernel is desirable\r\nAbility to set priorities, meet deadlines, and work independently\r\nSolid written English communication skills\r\nKnowledge about ESX, vSphere SDK is desirable'),
(178, 'sjc14', 'IT质量管理/测试/配置管理', '软件测试', 'Senior Automation Tester', '4000', '6000', '4', '196', '1. Solid Object-Oriented Programming sense and hands-on experience in either C# or Java or any other languages.\r\n2. Hands-on experience in Selenium WebDriver is a must, able to encapsulate/upgrade the primitive Selenium APIs.\r\n3. Good verbal and written English capability is a must, able to talk with native English speakers over phone.\r\n4. At least 3 year of software functional testing experience.'),
(179, 'sjc14', 'IT质量管理/测试/配置管理', '软件测试', 'Application QE', '4000', '6000', '7', '197', '1. 5+ years of functional testing experience\r\n2. Capable to be a quick learner to new business (GUI management console for cloud backup & restore)\r\n3. Decent capability and experience on requirement/functional spec digestion (Ruby-on-Rails web application test experience is a big plus)\r\n4. Can work on its own to design decent test cases, execute test & report status/issues (Can drive issues to solution is a big plus)\r\n5. Decent communication skill with peers, dev counterparts, leads/mgrs\r\n6. Teamwork spirit and team player\r\n7. Web automated test experience is a big plus\r\n8. Any coding skill is a plus (Prefer Ruby)\r\n9. Good communication skills (written and verbal) in both English and Mandarin\r\nEducation and Experience:\r\n1. 3-8 years’ experience in Software QA Area\r\n2. BS or equivalent in Computer Science or Engineering'),
(180, 'sjc14', 'IT质量管理/测试/配置管理', '软件测试', 'Linux shell QA', '4000', '6000', '4', '198', 'Responsibilities\r\n1. Develop detailed automated tests from test plans, engineering discussions and functional specifications.\r\n2. Create, maintain and extend the automated test infrastructure\r\n3. Troubleshoot test case and test harness infrastructure failures\r\n4. Analyze automation test run results and report bugs\r\nSkills and Experience\r\n1. Ability to translate software system architectures into an integrated approach to software test\r\n2. Experience as developer/programmer in a software engineering environment.\r\n3. Experience with QA automation tools, scripting languages(shell), and programming languages (flex/Java/c/c++)\r\n4. Experience in Linux/Unix administration, knowledge about TET, file system, storage, web services, or Linux kernel is desirable\r\n5. Ability to set priorities, meet deadlines, and work independently\r\n6. Solid written English communication skills\r\n7. Knowledge about ESX, vSphere SDK is desirable'),
(181, 'sjc14', '软件/互联网开发/系统集成', '高级软件工程师', 'Senior Web Software Engineer', '10000', '20000', '4', '199', 'For Web Software Engineer, here''s a list of "MUST" requirements:\r\n1. HTML, CSS, Javascript\r\n2. Ruby or Java\r\n3. RDBMS SQL'),
(182, 'sjc14', '软件/互联网开发/系统集成', '高级软件工程师', 'Senior Java Engineer', '10000', '20000', '4', '200', 'Software development, responsible for coding, testing and documentation activities. Develop, unit test, document, and deploy J2EE software system.\r\n1. More than 3 years IT experience and at least 2 years of J2EE development experience.\r\n2. Familiar with Core Java.\r\n3. Familiar with Design Pattern.\r\n4. Familiar with SQL server/Oracle.\r\n5. Familiar to UML and other mainstream development and design tools.\r\n6. Good English skill.\r\n7. Give priority to have experience of product maintenance or product secondary development.\r\n8. Passion for work, good team player'),
(183, 'sjc14', '软件/互联网开发/系统集成', '高级软件工程师', 'Senior PHP Engineer', '10000', '20000', '4', '201', '1. 计算机或相关专业,3年以上工作经验； \r\n2. 有互联网领域三年以上设计、开发实现工作经验； \r\n3. 熟练掌握PHP+MySQL环境的Web应用开发，熟练掌握MySQL数据库设计开发； \r\n4. 熟悉ThinkPHP开发框架及相关衍生产品； \r\n5. 熟悉JAVASCRIPT、HTML、CSS，熟悉面向对象的开发方式； \r\n6. 熟悉LINUX操作系统的常用命令操作和应用系统部署、运行维护； \r\n7. 能自主完成模块开发，有与后台系统集成的经验者优先； \r\n8. 具备良好的代码编程习惯、较强的文档编写能力、学习能力和沟通能力； \r\n9. 责任心强，踏实好学，具备良好的职业素养及团队合作精神。'),
(184, 'sjc14', '软件/互联网开发/系统集成', '高级软件工程师', 'Senior .Net Engineer', '10000', '20000', '7', '202', '职位描述:\r\n1. 能够对项目进行深入的需求分析，评估开发时间，制定开发计划；；\r\n2. 根据开发进度和任务分配，按时按质完成相应模块软件的设计、开发、编程任务；\r\n3. 编写模块详细设计文档、解决方案；\r\n4. 参与软件开发技术和规范及标准流程的改进；\r\n5. 参与软件系统的设计和分析；\r\n6. 能够带领初，中级程序员进行项目开发。\r\n任职要求：\r\n1. 计算机及相关专业毕业，或具有同等工作经历经验，本科以上学历；\r\n2. 5年以上相关软件开发工作经验，具备系统架构、系统设计的能力；\r\n3. 了解敏捷思想；\r\n4. 熟练掌握ASP.NET/ C#、XML、WCF、HTML、JavaScript、 jQuery、CSS等相关技术\r\n5. 熟练掌握SQL Server数据库设计及SQL脚本；\r\n6. 有良好的工作态度、学习习惯及团队合作能力，能够独立承担工作压力，要有较强的分析和解决问题的能力；\r\n7. 有电力行业软件和大型项目开发经验者优先；'),
(185, 'sjc14', '软件/互联网开发/系统集成', '软件工程师', 'C++ Developer', '6000', '15000', '4', '203', '1. Good team worker with high cooperative spirit.\r\n2. Strong capable of problem solving and communication.\r\n3. Skilled in C/C++.\r\n4. Highly proficient in Windows environment and proficient with Visual Studio.\r\n5. COM/ATL knowledge.\r\n6. Multi-thread and inter-process communication knowledge.\r\n7. Experience with SQL Server (or other Database).\r\n8. Scripting skills in one common language (Python, Perl or Tcl) will be preferred.\r\n9. Web development especially for client side will be preferred.'),
(186, 'sjc14', '软件/互联网开发/系统集成', 'WEB前端开发', 'Web Developer', '4000', '6000', '7', '204', '1. Feel comfort and has ability to work with various web platforms and languages Ruby/C++/Java, Ruby on Rails are preferred\r\n2. Has project experience with large scale, multiple layer and big data management backend systems\r\n3. Familiar with OO concepts, has experience with common design patterns\r\n4. Familiar with Linux development environment, Ubuntu/Debian is preferred\r\n5. Knowledge of web services implementation techniques such as REST or SOAP\r\n6. Expertise with traditional RDBMS SQL development including PostgreSQL/Oralce/MySQL/SQLite, NOSQL experience is preferred, such as MongoDB/CouchDB/Cassandra/Redis\r\n7. Demonstrated strong motivation and ability to meet milestones and deadlines for commercial software products.\r\n8. Ability to work in a fast paced environment and learn new things quickly\r\n9. Good communication skill in both English and Mandarin\r\nEducation and Experience:\r\n1. About 3~8 years’ experience in web system development\r\n2. BS or equivalent in Computer Science or Engineering'),
(187, 'sjc14', '软件/互联网开发/系统集成', '高级软件工程师', 'Senior .Net Tech Lead', '10000', '20000', '7', '205', 'Skills and Experience: \r\n1. 6+ years .NET development experience \r\n2. Experience in .NET, C# \r\n3. Experience with WCF \r\n4. Experience with MVVM framework \r\n5. Experience with database design such as SQL Server / Oracle \r\n6. Experience with unit test framework \r\n7. Good communication skills (written English) \r\n8. Experience of Agile development processes an advantage \r\n9. Very strong development skills are essential. \r\n\r\nDuties and Responsibilities: \r\n1. Responsibility for the design and development of .net Web application, collaborating with engineers, test engineers and product stakeholders within an Agile environment. \r\n2. Responsible for code reviews and technical quality standards within the project team \r\n3. Carry out unit tests to ensure a high quality deliverable.'),
(188, 'sjc14', '软件/互联网开发/系统集成', '高级软件工程师', 'Senior Java Engineer', '10000', '20000', '2', '206', '1. Four years or more experience in Java software design and development;\r\n2. Solid technology base of Java developing, design patterns, data structure, database;\r\n3. Experience in platform architecture designing, SOA architecture technology, be familiar with SOAP, REST etc.;\r\n4. Good understanding to the core technology of J2EE and common design patterns; be familiar with the database postgreSQL as a plus;\r\n5. Familiar with network programming, understanding to TCP/IP as a plus;\r\n6. Familiar with log4j, the experience of generating word, PDF format files as a plus;\r\n7. Responsible, good teamwork spirit and communication skills, be able to work independently;'),
(189, 'sjc14', '软件/互联网开发/系统集成', '高级软件工程师', '.Net Engineer', '10000', '20000', '2', '207', '职位描述:\r\n1. 按软件开发流程和生命周期进行软件开发\r\n2. 开发大型Web应用系统/大型网站等\r\n3. 根据项目要求，完成软件项目的可行性与需求分析\r\n4. 编写实现代码、进行单元测试\r\n5. 按要求编写开发设计文档\r\n \r\n任职要求：\r\n1. 计算机及相关专业毕业，或具有同等工作经历经验，本科以上学历；\r\n2. 2年以上.NET平台下WEB开发经验；\r\n3. 熟练掌握ASP.NET/ C#、HTML、JavaScript、 jQuery、CSS等相关技术\r\n4. 具有一定数据库知识，熟悉SQL Server数据库；\r\n5. 具有较强的逻辑思维，良好的编程风格，一定的面向对象编程、设计模式基础\r\n6. 具有良好的沟通能力和团队合作精神'),
(190, 'sjc14', '软件/互联网开发/系统集成', '高级软件工程师', 'Windows/Linux C++ App Developer', '10000', '20000', '4', '208', '1. Proficient with Visual Studio, or Linux GCC/GDB,\r\n2. HTTP knowledge, REST API preferred\r\n3. Multiple threading and inter-process communication knowledge is a big plus\r\n4. Proficient with Bash/Python/Perl/Ruby is a big plus for Linux developers\r\n5. Familiar with Boost C++ framework, Git source control and continuous integration tool and process\r\n6. Cloud storage or file backup/sync project experience is beneficial\r\n7. Good communication skill in both English and Mandarin'),
(191, 'sjc14', '软件/互联网开发/系统集成', '高级软件工程师', 'Senior .Net Engineer', '10000', '20000', '4', '209', '1. 6~8 year software development experiences.\r\n2. 4 years web development experiences.\r\n3. Be familiar with C#, asp.net, asp.net MVC.\r\n4. Be familiar with Ajax, JavaScript, HTML/DHTML, CSS. Experiences in Ext JS, jQuery is preferred.\r\n5. Be familiar with Web Service, WCF.\r\n6. Has experiences in database designing and modeling, be familiar with relational databases like MS SQL Server, Oracle.\r\n7. Has architecture design experiences, be familiar with object-oriented design, design patterns.\r\n8. Good oral English is must.'),
(192, 'sjc14', '软件/互联网开发/系统集成', '高级软件工程师', 'Linux Ruby(or Python, Perl) Engineer', '10000', '20000', '4', '210', '1. Experience with Unix/Linux/ system concepts\r\n2. Experience with test automation skill - Ruby, Python, Perl\r\n3. Good communication skills (both verbal and written)\r\n4. 3+ years of Functional testing experience');

-- --------------------------------------------------------

--
-- 表的结构 `recruiter_userinfo`
--

CREATE TABLE IF NOT EXISTS `recruiter_userinfo` (
  `id` int(10) NOT NULL AUTO_INCREMENT,
  `username` varchar(20) NOT NULL,
  `name` varchar(20) NOT NULL,
  `address` varchar(50) NOT NULL,
  `location` varchar(30) NOT NULL,
  `email` varchar(50) NOT NULL,
  `detail` text NOT NULL,
  PRIMARY KEY (`id`),
  KEY `username` (`username`)
) ENGINE=InnoDB  DEFAULT CHARSET=utf8 AUTO_INCREMENT=47 ;

--
-- 转存表中的数据 `recruiter_userinfo`
--

INSERT INTO `recruiter_userinfo` (`id`, `username`, `name`, `address`, `location`, `email`, `detail`) VALUES
(4, 'xxh', '', '', '120.703961,31.271771', 'dian6210310@126.com', ''),
(5, 'zxy', '上海网乾电子科技有限公司', '苏州工业园区星湖街328号创意产业园10幢10楼', '120.732983,31.264967', 'dian6210310@126.com', '上海网乾电子科技有限公司是阳明国际集团投资的子公司。\r\n\r\n阳明国际集团是台商邱群伦在1993年成立，旗下包括中国阳明眼科医疗集团（眼科）， 台湾联翔营造股份有限公司 （建设-工业），台湾佳冠建设实业有限公司（建设-住宅），台湾翔宏国际实业有限公司 (国际贸易)，泉州翔佳轻纺有限公司（服装），上海网乾电子科技有限公司 （电子商务）。Concept Worldwide Co., LTD (注册国际有限公司：33110)，分公司布置在13个城市，员工超过2万。\r\n\r\n网乾电子为客户提供专业的、富有创意的营销方案以及广告推广渠道。它由多元化的推广渠道和高效率的优化信息所组成。经过缜密的方案制定、推广执行、数据分析，网乾帮助客户提升品牌知名度及未来发展规划。\r\n\r\n菜单网是网乾旗下主要进行网络推广的信息整合网站，致力于提供餐厅、休闲娱乐、生活服务等信息，为顾客提供精确、完善的生活资讯。\r\n\r\n你乐衷于追求美食、记录生活、体验潮流活动吗？\r\n\r\n你习惯在创意公司体验活力、感受创新吗？\r\n\r\n你愿意将自己的兴趣与那些搞笑的同事分享吗？\r\n\r\n那就请加入我们吧!\r\n\r\n我们可以为你提供：\r\n\r\n1. 真正位于创新前沿的创业经历，你所做的工作有可能在未来会形成一种趋势和潮流。\r\n\r\n2. 亲和、务实的工作伙伴及和谐、宽松的工作氛围。网乾的每一位成员都是和你一样年轻的员工，交流、沟通、聚餐、“无乐不作”！\r\n\r\n3. 具有竞争力的待遇，以及潜在的成长空间，每一滴汗水在最后都将转变为甘露。\r\n\r\n公司官网：http://www.wqlife.cn/'),
(6, 'sjc', '佛山', '苏州市工业园区创展大厦905室', '120.697867,31.303897', 'dian6210310@126.com', '佛山市华电智能通信科技有限公司成立于2009年，以自己独有的领先的产品设计为核心，集合最先进的射频技术、计算机软硬件开发技术、以及先进的多媒体编解码技术等高新科技，研发了各类应用型的无线数字网络视频监控安防系列产品，成为国内无线高清视频安防产品行业的领军企业。\r\n公司注重以人为本，尊才、爱才、惜才， 为人才提供发展空间，公司视人才为生命，在公司内部有成熟的培训、学习体制，使公司员工在各方面都得到全面的提高，公司有完善的人才管理和激励措施，多年的磨练建立了一支高素质、年轻化、富有创新精神的人才队伍。\r\n公司常年招收行业内专业技术人员，并希望有志青年加入我们的团队，并与公司一起成长。\r\n \r\n'),
(7, 'zf', '银科环企软件(苏州)有限公司', '苏州工业园区跨塘分区唯正路8号 ·科技创业大厦6-B604', '120.742756,31.263701', 'dian6210310@126.com', '银科环企软件(苏州)有限公司（简称“银科环企”）“原苏州环企软件有限公司”于2005年在中国苏州工业园区成立，注册金额为五百万元人民币。银科环企隶属于马来西亚银河高科集团，集团于1997年在马来西亚成立。集团专注于综合性旅游综合信息化、主题公园信息化管理服务，是东南亚及国内最大的旅游及主题公园信息化系统提供商。集团也获得马来西亚政府授予“多媒体超级走廊国家级高新技术研发地位公司”。\r\n  银科环企经过多年的运营发展和规划建设，已经发展成为拥有北京、广州、成都、青海、黑龙江、新疆等多个分公司、办事处的大型软件企业，未来将在东北、山东、河南、福建等地成立办事处。\r\n银科环企拥有先进的产品技术，丰富的行业经验，以及专业的项目服务团队，围绕着旅游发展、国内主题公园及多景区，提出了“移动智慧景区”，提供全方位的专业信息化管理的服务。客户面涵盖面如下：\r\n1、智慧旅游全方位发展\r\n2、综合性主题公园、水公园（旅游+商业）\r\n3、综合温泉度假村（温泉+酒店）\r\n4、儿童乐园及儿童职业体验馆\r\n5、综合大剧院+旅游地产\r\n6、旅游景区景点（物联网景区）\r\n在高速发展的过程中，银科环企由此形成了近百人的精英团队，得到了政府认可，以及专业管理评估机构的好评，并荣获“高新技术企业认定证书”、“软件企业认定证书”、“ISO 27000信息安全管理体系证书”等资质证书。\r\n\r\n'),
(8, 'zf002', '苏州阔地网络科技有限公司', '苏州市工业园区唯正路8号唯亭科技创业大厦7楼', '120.812108,31.279987', 'dian6210310@126.com', '苏州阔地网络科技有限公司成立于2009年，注册资本7070万元。\r\n秉承“让人人拥有获得优质教育资源的机会”的理念，阔地科技长期致力教育信息化领域的研发和运营，可提供在线课堂、在线教育、人人通网络学习平台、教育云平台、智慧教育-未来教室等产品及解决方案。产品在江苏、安徽、湖北、浙江、湖南等省份的数百家学校、教育管理部门、培训机构得以应用，获得使用者的认可称赞。\r\n阔地科技拥有强大的研发团队和有效的激励机制，坚持自主创新。截至2014年7月，公司已申请近400件国内外发明专利，其中获授权66件，软件著作权57套。迄今，公司已获多项荣誉称号，如：江苏省民营科技企业、江苏省高新技术产品、科技部科技型中小企业技术创新基金项目、中国教育装备协会会员单位、江苏省软件企业和软件产品、苏州市科技进步奖、苏州工业园区知识产权重点企业/优势企业/全能企业等。\r\n阔地科技曾先后获得数百家媒体的报道认可，包括中央电视台、中国日报、21世纪经济报、中国教育报、钱江晚报、苏州日报、凤凰网、人民网、新华网、新浪、网易等权威媒体。\r\n \r\n\r\n\r\n'),
(9, 'zf003', '苏州骋研电子技术有限公司', '苏州工业园区唯新路69号一能科技园2号楼606室', '120.755803,31.276759', 'dian6210310@126.com', '苏州骋研电子技术有限公司, 位于苏州工业园区唯新路69号一能科技园内，是一家以高新技术产业为主导的，致力于嵌入式电子产品相关系统的软硬件研发、生产和销售的高科技公司。公司重视研发，实行高起点发展战略，坚持自主创新的发展道路，专注于工业自动化控制产品的研发、生产及销售。主要产品包括直流无刷电机控制系统、智能化群控系统等，广泛应用于设备制造、节能改造等领域。\r\n'),
(10, 'zf004', '北京中科领航科技有限公司', '苏州市工业园区唯亭街道唯新路60号（清华科技园）', '120.63255,31.29671', 'dian6210310@126.com', ' 北京中科领航科技有限公司成立于2001年，公司专注于企业信息门户、基于ERP的工作流、企业移动门户的产品研发与服务。是国内知名企业信息化解决方案提供商。公司目前是OracleBPM金牌合作伙伴、微软最佳金牌合作伙伴及SAP Business one 核心合作伙伴。已经拥有1000余家国内外成功案例。\r\n    公司产品包括UniPortal（领航协同门户系列产品：OA、知识管理、项目管理、列表管理等），UniBPM（领航工作流系列） 以及UniMobile(面向移动企业应用的系列产品) 三大系列产品， 可以为大中型集团企业、政府提供 协同、移动、工作流等业务提供一站式的产品实施服务，在提供一站式标准化产品的同时， 公司与合作伙伴共同提供包括IT运维（备份、安全、虚拟化等），通用软件部署实施（财务，人事、ERP等），个性化应用开发、门户应用集成以及行业信息化咨询在内的“应用一体化服务“。\r\n    公司拥有一支具有专业技术背景的、资深的咨询顾问、软件开发和项目实施团队。除北京总公司外，在天津、南京、厦门等设立分公司及办事处。 公司正值大力发展之际，欢迎有识之士加盟！公司将为大家提供有竞争力的待遇，以及良好的发展贵平台！\r\n  公司计划在2015年上市，对高管职位均有股权激励机制。\r\n'),
(11, 'sjc1', '江苏天天一百网络科技有限公司', '苏州园区创意产业园 10栋401', '120.732156,31.264471', 'dian6210310@126.com', '江苏天天一百网络科技有限公司致力于“做科技和文化的领航者”，以雄厚的技术实力和精诚的服务理念获得业界的高度认可，先后承建中国重点文化工程“中国诗歌数字平台——中国诗歌网”、上海重点文化惠民项目“上海公共文化数字服务体系——城市公共文化云”、网上“上海工艺美术馆”等多项国家和省级重点文化数字工程项目。\r\n    公司重点开发的主导产品《点菜100餐饮管理营销一体化整合系统》，由点菜100网（PC端）、点菜100手机应用软件、点餐宝酒店内部管理系统三部分组成，为网上订餐、餐店预订、餐店内部管理提供了信息化、便捷化的平台，使线上线下、餐店内外实现了信息同步互通，成为引领餐饮行业O2O发展潮流的开创性产品。\r\n    公司拥有技术精湛、年轻有为的开发团队，多人曾主持或参与了淘宝大型项目框架结构、智慧城市、大型办公平台系统的设计开发工作，整体技术实力在苏州位居前列。\r\n'),
(12, 'zf005', '苏州瀚川自动化科技有限公司', '江苏省苏州市工业园区胜浦镇振胜路16号', '120.606801,31.272945', 'dian6210310@126.com', '瀚川，创立于2007年1月，总部位于苏州工业园，是一家专注于精密自动化设备研发、制造、销售的高科技企业。\r\n 瀚川拥有热诚的的员工以及强大的研发、制造、售后服务能力，在电子、汽车零部件制造领域已经有很多成功案例，尤其在高速、精密以及复杂的自动化装配领域，拥有核心技术和丰富经验。\r\n 瀚川自成立之日起，一直聚焦于客户需求，通过与客户深入沟通，充分了解和挖掘客户需求，结合瀚川丰富的自动化经验，向客户提供价格合理、技术领先的自动化解决方案，助力客户在其领域打造核心竞争力。\r\n 客户的需求是瀚川发展的源动力，瀚川一直秉持精益求精、勇于创新、真诚合作的精神，以极具竞争力的产品和服务赢得客户的信赖，实现稳健成长和永续经营的目标。\r\n网址：http://www.harmontronic.com\r\n'),
(13, 'zxy1', '苏州达芯微信息科技有限公司', '苏州市星海街5号创意园157室', '120.672719,31.299057', 'dian6210310@126.com', '公司的发展正进入快速成长期，在移动互联网领域开展有三大产品路线，包括中国移动公司的内部管理系列产品，全国国民阅读调研信息化系列产品，互联网金融P2P交易平台系列产品，诚聘有志于在移动互联网领域有所作为的英才加盟我们，共同追求，发展壮大我们的事业。\r\n公司成立于2007年5月，位于苏州工业园区国际科技园星海街5号。主要从事通信工程软硬件的设计、研发、销售、安装并提供相关技术服务。是通信网络代维解决方案供应商，在电信领域为全国各地的中移动、中国电信提供传输设备、基站设备的代维及相关工作人员管理的解决方案。\r\n公司拥有一个资深的研发团队，由一批具有多年经验的博士/硕士为主要组成。从产品开发到产品应用，均由公司自主完成，拥有相关产品的全部自主知识产权。7年来，公司先后为重庆移动、贵州移动、甘肃移动、青海移动的光纤线路维护、基站设备维护提供设备管理、人员管理平台，同时为行业用户提供专业的基于无线传输的即时管理平台系统。\r\n公司注重团队建设和人文关怀，所处位置和环境优越，提供有竞争力的薪酬待遇，配套有专门小食堂提供免费午餐。欢迎加入达芯科技，共同发展更美好未来。\r\n公司核心价值观\r\n正乎本，行以一；凡微至，达于心\r\n公司的目标\r\n发展拥有自主知识产权的先进的电子和信息技术支撑体系，追求在专业通信领域实现顾客的梦想\r\n'),
(14, 'zxy2', '苏州技杰软件有限公司', '苏州工业园区金鸡湖大道1355号国际科技园2期B502-1', '120.671753,31.296435', 'dian6210310@126.com', '技杰集团成立于2006年，是一家致力于计算机行业的公司，现有员工200多人，分别在苏州、武汉设有分公司。\r\n    集团业务主要包括企业级云计算应用、ERP产品自主研发、软件服务外包、嵌入式网络产品研发销售等。主要客户来自美国、澳大利亚等欧美国家，已与众多国际知名连锁餐饮公司建立了良好的战略合作关系！\r\n    苏州技杰软件有限公司是国家认定的高新技术企业，通过了CMMI3级认证评估，公司秉承“保证质量，按时交付”的核心理念，为客户提供优质服务，公司积极营造和谐共生的文化氛围。除了建有完善的员工培训机制、公平的晋升机制外，我们还为每一位员工设计适合其自身发展的职业规划，帮助每一位员工实现自身价值。\r\n    公司网址  www.jijesoft.com\r\nJijesoft Group was established in2006, focusing on business enterprise software development. We have more than 200 employees, in Suzhou and Wuhan, China, two of the fastest growing software development cities in China.\r\n    We provide services in cloud computing applications, software outsourcing and embedded network solutions. We have established good strategic partnership, with well known global companies in the US and China.\r\n    We provide comfortable work place, consistent career paths and competitive compensation. \r\n    Website  www.jijesoft.com'),
(15, 'sjc2', '苏州艾森梦信息科技有限公司', '星湖街218号生物纳米科技园C2-305', '120.729431,31.258987', 'dian6210310@126.com', '苏州欧姆尼克新能源科技有限公司是由国家千人计划特聘专家、苏州工业园区科技领军人物、姑苏领军人物、金鸡湖双百人才、中国创业黑马大赛季军赵磊先生创办的专注于光伏逆变器研发、生产、销售、服务于一体的高新技术型企业。\r\n    目前拥有占地面积6000平米的厂房，3条自动化流水装配产线，汇聚了一支来自海内外专注于光伏逆变器研发、销售和服务的核心团队，掌握了光伏逆变器国际领先的核心技术，拥有丰富的产品化经验。由公司自主设计研发的主打产品omniksol-2K-TL经国际权威机构德国Photon杂志测试，在全球同类产品中排名第一，并刊登在业内最知名的2012年1月的Photon杂志。 欧姆尼克营销网络遍布英国、美国、荷兰、澳洲、德国、加拿大、墨西哥、比利时、意大利、西班牙、葡萄牙等国家。其卓越的参数，优质的性能，以及全方位专业化的售后服务，为客户创造了最大的经济效益，受到了全球用户的一致好评。\r\n    展望未来，欧姆尼克将会以拥有自主知识产权的核心逆变器为基础，大力发展可再生能源的研发和应用，将继续会致力于太阳能光伏领域的逆变器、储能逆变器、电动车和混合动力车燃料电池车的驱动逆变器、智能电网的控制系统等领域的研究和发展。秉承“高效、进取、严谨、创新”的企业精神，汇集光伏界研发精英，凝聚国际销售力量，成为全球高效率、高质量、高性价比的逆变器缔造者，为中国的蓝天白云事业而奋斗。\r\n  公司员工享受公司年假、生日会、团队活动 、年终聚餐、中秋礼品、购物卡、电影票等不定式福利，以及结婚礼金、生育礼金、年终奖等相关福利。\r\n企业态度\r\n \r\n创新源自于人才——欧姆尼克研发团队创造出了全球首家内置集成WIFI监控系统，解决了用户对整个光伏电站“监控难、监控贵”的问题，实现了对整个光伏电站的低成本实时监控。此项功能，填补了光伏行业这一技术空白，引领了国际市场逆变器的发展趋势。\r\n \r\n质量源自于严谨—— 欧姆尼克积极整合德国企业和中国企业的核心竞争力，并先后获得ISO0901国际质量体系认证、ISO14001国际环境体系认证。 本着以管理为导向的企业文化，始终把生产最可靠的产品放在首位，每一台逆变器从生产到出厂，都经历了严格的质量体系管控。\r\n \r\n专业源自于专注—— 欧姆尼克把只做逆变器作为公司的产品定位，其在逆变器领域的研究更加深入和专业。产品先后通过了包括VDE (欧洲)、G83(英国)、SAA、ENEL(意大利)等各项国际认证。\r\n \r\n贴心源自于服务——欧姆尼克依托强大的系统与应用产品研发团队，建立了完善的技术支持服务体系。至2013年，公司分别在澳洲、英国、德国、荷兰、苏州、上海等多个国家和地区设立售后网点，确保全球24小时的服务响应速度。公司始终本着以人为本，诚信至上的服务理念，把全面、周到、细致、贴心的服务带给每一位欧姆尼克用户。\r\n \r\n使命源自于责任——欧姆尼克自成立以来，秉承“造福人类，健康生活”的企业理念，以高效率高质量的产品全心全意为人类营造“低碳、健康”的生活环境为企业愿景，以改善人类居住环境为使命，让子孙共享蓝天白云为己任，为人类的发展创造更美好的未来！\r\n'),
(16, 'whm', '苏州工业园区利英铁克信息技术有限公司', '苏州工业园区金鸡湖路88号苏信大厦', '120.674993,31.306593', 'dian6210310@126.com', '苏州工业园区利英铁克信息技术有限公司主要经营：等产品。公司尊崇“踏实、拼搏、责任”的企业精  神，并以诚信、共赢、开创经营理念，创造良好的企业环境，以全新的管理模式，完善的技术，周到的服务，卓越的品质为生存根本，我们始终坚持用户至上 用心服务于客户，坚持用自己的服务去打动客户。\r\n    欢迎各位新老客户来我公司参观指导工作，我公司具体的地址是：苏州工业园区金鸡湖路88号1幢612室 。\r\n    您如果对我们的产品感兴趣或者有任何的疑问，您可以直接给我们留言或直接与我们联络，我们将在收到您的信息后，会第一时间及时与您联络。\r\n'),
(17, 'zxy3', '苏州佑博尔网络工程有限公司', '工业园区联丰商业广场2幢2222室', '120.740857,31.300703', 'dian6210310@126.com', '苏州佑博尔网络工程有限公司 是一家以计算机网络、弱电布线、安防监控、集团电话、多媒体信息发布、系统集成设计安装 、维护为主，在弱电网络智能化多媒体应用领域内多元化发展的系统集成商。公司还拥有 领航员、海康、大华、索亚、舒特等多家国内一流产品代理权。公司秉承科技创新、求实进取之经营理念，业务得以顺利地开展。在公司发展初期，公司以技术创新，品质优异之良好形象成为业界的后起之秀。\r\n　　佑博尔以智能安防工程业务为主，承接计算机网络，通讯网络，门禁、考勤、POS机等一卡通系统，闭路电视监控、电子视频监控、防盗防火报警系统，停车场智能安防系统，楼宇自控、可视门铃、对讲设备、智能门、网络布线、程控电话、智能居家的设计与施工...我们依据您的要求制定个性化的安防方案，维护您的安全是我们的使命，您的满意是我们不懈的追求！\r\n　　佑博尔视服务为生存之基、发展之源，不断努力提升客户服务能力。在产品研发、技术提升、知识积累、项目管理、企业管理、专业人才培养等方面投入大量资金。多年来，佑博尔成功承建众多银行、政府、中小企业系统集成项目，不断深化对该客户的深入了解，积累了大量的服务理念。 \r\n佑博尔立志成为国内客户首选，最有价值的信息化服务提供商。最终成为客户最值得信赖的战略性合作伙伴，帮助杰出的企事业在激烈的竞争中步步领先。 \r\n　　把握机遇，创立佑博尔品牌；服务客户，迎接信息技术的挑战。公司在行业里拥有丰富的经验，并在业界取得一致好评。选择我们，不会让您失望。\r\n'),
(18, 'sjc3', '诺仕科技(苏州)有限公司', '苏州工业园区旺墩路188号建屋大厦712室', '120.722243,31.320837', 'dian6210310@126.com', 'Nodus Technologies, Inc. is a leading provider of integrated payment processing solutions. Leveraging its patent-pending technology, the company enables organizations to achieve end-to-end connectivity by seamlessly integrating front and back office business applications. Nodus Technologies solutions facilitate greater scalability by utilizing an open architecture which readily supports the addition of payment gateways in business environments. Based on a collaborative framework, its applications integrate with Microsoft？ Business Solutions–Great Plains？ as well as other accounting packages, ERP’s, POS, B2B portal, call center, and CRM solutions. Additional information about Nodus Technologies products and services can be found at www.nodus.com.\r\n诺仕科技公司是一家提供综合付款处理解决方案的行业领先供应商。凭借专利技术，我司使得企业能够实现终端到终端的连接，无缝集成前台和后台的业务应用。利用在商业环境中随时支持支付网关的开放性结构，诺仕科技的解决方案推动更强的可扩展性。基于一个合作框架，我们的应用软件整合Microsoft商务解决方案，GP以及其他会计软件包，ERP系统的，POS机，B2B门户，呼叫中心和CRM解决方案。诺仕科技产品和服务的更多信息请访问www.nodus.com。'),
(19, 'zxy4', '苏州汉朗光电有限公司', '苏州工业园区星湖街218号生物纳米科技园A4-101', '120.734334,31.255795', 'dian6210310@126.com', '苏州汉朗光电有限公司\r\nHalation Photonics Co., Ltd.\r\n　　 汉朗光电成立于2007年，是世界上最领先的多稳态液晶产品技术研发和解决方案提供专家，也是世界上首个将多稳态液晶技术进行产业化的公司。汉朗光电倡导积极创新，是具有自主知识产权、立足国内、拥有全球产业链合作模式的高科技公司。 \r\n\r\n公司坐落于北京中关村科技园及苏州纳米科技园，并在南京设有生产基地。汉朗光电专注于新型多稳态液晶技术的研发和创新，致力于汽车及建筑调光薄膜/玻璃、新一代电子书屏幕、以及新型超大屏幕显示技术的产业化。\r\n\r\n2009年汉朗光电获得了几家知名国内外基金投资，进一步发展了与国际战略合作伙伴的关系，全面建设了世界级产业链，充分发挥了汉朗光电的技术优势，开启了新型多稳态液晶的巨大市场。\r\n\r\n针对多稳态液晶的产业化开发，汉朗光电已具备国际领先水平。在材料合成、电气驱动、光学设计和产品应用方面拥有几十项专利技术，包括国际PCT专利。\r\n\r\n公司聘请了北京理工大学光电工程系光电信息实验室主任孙雨南教授、以及国务院发展研究中心主任吴敬琏先生等多名界内知名学者专家为公司荣誉顾问。\r\n'),
(20, 'sjc4', '苏州欧纳珂网络科技有限责任公司', '苏州市东环路1408号东环时代广场12楼', '120.649973,31.313724', 'dian6210310@126.com', ' 欧纳珂2003年成立于苏州工业园区，欧纳珂也中国沿海领先的人力资源服务提供商和规范连锁\r\n的雇主单位之一，欧纳珂坚持“盈利增长、提高服务客户的价值”为企业的经营宗旨。竭诚为我们的\r\n客户盈利增长追求价值而提供服务，并赢得了客户的广泛赞誉；\r\n   欧纳珂于2011年再次投资苏州欧纳珂网络科技公司，增设即时通讯的开发业务和互联网业务开\r\n发运营业务，并加入了江苏省互联网行业协会，成为江苏省互联网行业协会会员；\r\n   欧纳珂坚持客户第一、服务第一，坚持感恩图报、诚信服务、学习创新、拥抱变化、和谐发展的\r\n服务精神，与客户构建良好的合作伙伴关系；您的满意是我们工作的落点\r\n 欧纳珂网络科技公司旗下的产品为：158遛街网购城(www.1586j.com)，158遛街婚恋交友城 、视频娱乐城、婚求职招聘城和即时通讯产品；\r\n   欧纳珂网络科技公司欢迎您的加入！！\r\n'),
(21, 'zxy5', '美途网', '工业园区独墅湖高教区内创意产业园东平街270号澳洋顺昌大厦2E单元', '120.730826,31.264875', 'dian6210310@126.com', '“游美国，找美途”，美途网（www.manytour.com）是一个专业提供美国旅游服务的大型电子商务平台，总部位于美国纽约（美国ManyTour公司），在华盛顿和洛杉矶设有办事机构，在中国北京和苏州设有分公司。公司下设客服部、电子商务部、机票部、导服中心、酒店预订部、操作部、签证部、车队、游学部、同业部、行政部、财务部。\r\n\r\n    20年间我们接待了10万客人赴美旅游、展览、培训、考察、游学！期间我们接待过中央各部委及地方省市各级领导赴美培训考察（中国医药管理局赴美考察、大连市政府赴美招商团、辽宁省商务厅赴拉斯展团、吉林省商务厅赴美经贸考察团、甘肃省建设厅赴南美考察团、岳阳市市长赴美考察代表团等），接待过中国石油、中国农业银行、安利等集团公司员工赴美考察学习，现在，我们报着归零的心态，带着“改善旅游体验，推动行业进步”的使命继续向前……\r\n'),
(22, 'zxy6', '优德移动互联软件科技江苏有限公司', '苏州工业园区金鸡湖路171号创意泵站', '120.666904,31.306428', 'dian6210310@126.com', '\r\n   优德移动互联软件科技江苏有限公司是中国移动互联网时代的一支全新力量，公司成立于2013年10月，目前正在全力开发一款基于移动互联网的新媒体传播产品；产品定位于大数据的智能网格化管理，新媒体营销和个人娱乐互动方面。目前团队正处于高速发展期，力争在4年内成为业界翘楚。优德科技将用无国界、跨空间的创新技术应用到本地细分服务市场，创造一个全新的媒体平台。我们是一支年轻的团队，奉行一套独特的年轻化文化运营模式，团队创始人以及多个成员都拥有跨国集团管理背景和海外留学经历，大家怀着一份追求卓越、永不言败的创业精神朝着共同的目标努力着，我们相信您的加入定会为这份事业锦上添花！让我们共创阳光事业！\r\n'),
(23, 'zxy7', '苏州浩登软件科技有限公司', '苏州工业园区金鸡湖大道1355号国际科技园二期C101-2', '120.669629,31.294308', 'dian6210310@126.com', '苏州浩登软件科技有限公司是设立在苏州工业园区的软件企业，主营文件加密软件、供应链管理软件、电子采购、电子招投标、 供货商考核、 WMS、 TMS。浩登软件主要的服务项目还包括：电子商务整合、系统整合 、软件外包服务 、系统网路集成服务。公司秉承“顾客至上，锐意进取”的经营理念，坚持“客户第一”的原则为广大客户提供优质的服务。\r\n'),
(24, 'zxy8', '苏州星愿景商务咨询有限公司', '苏州工业园区时代广场24幢201室-02', '120.717673,31.319425', 'dian6210310@126.com', '星愿景商务咨询有限公司是全心全意为客户提供全面的房地产服务的园区本土公司。我们专注于商业综合体招商及社区型商业的前期策划、中期招商和后期营运，以及高端写字楼租赁。我们的服务宗旨是在這纷繁复杂、日新月异的市场中为我們的客戶、商家和员工创造和实现真正的价值。我们将为你提供行业内极具竞争力的薪酬体系（缴园区公积金），良好的培训体制，优秀的企业文化，我们重视员工成长，充分发挥个人潜能，任人唯贤！这里没有复杂的人际关系，没有论资排辈，这是一个无坚不摧的卓越团队，一个富有激情与梦想的舞台！'),
(25, 'zxy9', '盛科网络（苏州）有限公司', '苏州市工业园区星汉街5号腾飞新苏工业坊B幢4楼13/16单元', '120.673405,31.305364', 'dian6210310@126.com', '盛科网络（苏州）有限公司于2005年1月成立，公司总部位于苏州工业园区，是中国目前唯一一家能够提供高性能路由交换核心处理芯片及高性能通信系统的原始创新典范公司。公司80%以上员工从事研发工作，核心团队拥有多年国外知名通信企业核心芯片及系统开发和管理经验。\r\n  \r\n盛科网络致力于成为核心芯片级定制化网络解决方案的合作者和提供者，经过几年的发展，已经成功自主研发了国内首颗支持双栈万兆路由交换核心芯片（Bay），低成本高扩展背板交换网络芯片（Richmond），以及高性能包处理芯片Humber，以及基于自主知识产权的系列核心芯片搭建了三层万兆交换平台E300，紧凑式三层万兆交换平台E310，分布式核心路由交换平台E800等网络解决方案，并通过提供创新的，客户化的（OEM/ODM）产品和服务，帮助客户降低研发费用和产品开发周期并抓住市场机会。\r\n \r\n公司依托强大的研发能力和完善的市场体系，根据客户的需求，提供卓越的以太网解决方案。盛科网络植根于中国，已广泛服务于政府、军工、电力、公安、交通教育、运营商等国内用户，并力争在全球市场中占据主导地位。目前已打开欧洲，北美，南非，东南亚和南亚等市场。\r\n公司提供有竞争力的薪资福利待遇，硅谷模式的期权激励机制，广阔的发展空间，我们期待您的加盟！'),
(26, 'zxy10', '苏州欧纳珂网络科技有限责任公司', '苏州市东环路1408号东环时代广场12楼（东环路地铁口）', '120.64978,31.313852', 'dian6210310@126.com', '  欧纳珂2003年成立于苏州工业园区，欧纳珂也中国沿海领先的人力资源服务提供商和规范连锁\r\n\r\n的雇主单位之一，欧纳珂坚持“盈利增长、提高服务客户的价值”为企业的经营宗旨。竭诚为我们的\r\n\r\n客户盈利增长追求价值而提供服务，并赢得了客户的广泛赞誉；\r\n  \r\n       \r\n        欧纳珂于2011年再次投资苏州欧纳珂网络科技公司，增设即时通讯的开发业务和互联网业务开\r\n\r\n发运营业务，并加入了江苏省互联网行业协会，成为江苏省互联网行业协会会员；\r\n  \r\n\r\n        欧纳珂坚持客户第一、服务第一，坚持感恩图报、诚信服务、学习创新、拥抱变化、和谐发展的\r\n\r\n\r\n服务精神，与客户构建良好的合作伙伴关系；您的满意是我们工作的落点；\r\n \r\n    \r\n     欧纳珂网络科技公司旗下的产品为：158遛街网购城(www.1586j.com)，158遛街婚恋交友城 、视频娱乐城、婚求职招聘城和即时通讯产品；\r\n     \r\n     欧纳珂网络科技公司欢迎您的加入！！\r\n        '),
(27, 'sjc5', '苏州青春之歌信息科技有限公司', '工业园区星湖街328号1-B601', '120.731212,31.266269', 'dian6210310@126.com', '青春之歌位于苏州国际科技园，公司主营业务集中在校园文化建设、教师培训、国际教育、在线教育四个方面，是专业的教育综合服务商。\r\n    公司起步于校园文化建设，秉承着“让教育的明天更美好”的服务宗旨，公司创始人陈代驹先生带领团队经过多年努力为400余所学校进行文化建设服务，积累了大量的精品案例；在进行学校文化建设的同时，公司还立足于自身丰富的高校名师资源和国际资源开展教师（含校长）培训项目和国际教育项目的开发；如今，公司基于对教育行业的深度了解和在线教育的发展方向，紧紧抓住移动互联网的机会，启动了“数字校园微平台”项目，为学校提供教育在线、微网站、家校互动、移动OA等服务。\r\n  青春之歌定位为教育综合服务商，丰富、完善产品的同时，也正在不断创新。我们期望通过我们的不懈努力，能够为国内基础教育的国际化、信息化做出更多新的贡献。            \r\n   您加入的不只是一家公司，而是一个影响中国未来教育发展的标竿企业；您选择的不只是一份工作，而是一份大有可为的事业。   \r\n   年轻的事业，壮志的雄心，优秀的企业文化，高效专业的团队，卓越睿智的领路人，再加一个优秀的您！'),
(28, 'zxy11', '苏州思佳达信息科技有限公司', '苏州工业园区苏惠路88号环球财富广场1幢1001室', '120.670112,31.313623', 'dian6210310@126.com', '苏州思佳达为一家高科技软件公司，致力于为欧美客户提供高质量的软件外包服务。公司秉承以人为本、强调沟通合作与创新、重视顾客需求的核心理念，为客户提供优质服务，公司积极营造和谐融洽开放的工作氛围。我们会定期选送优秀员工到欧美参加培训，并提供丰厚的境外出差补助。\r\n'),
(29, 'sjc6', '凯美瑞德(苏州)信息科技有限公司', '苏州工业园区星湖街328号创意产业园', '120.729152,31.261757', 'dian6210310@126.com', '凯美瑞德是一家专业从事金融行业资金交易系统实施集成、本地化、运维支持、以及金融信息化建设等相关业务的公司。公司成立于 2001年，本着诚信、务实、求知的经营理念，公司近年来快速成长。特别是公司与中国资金资本市场占有率第一的Misys公司合作后，参与多家银行的风险资金管理系统的实施、维护工作，逐步培养起自己的技术及业务团队。我们服务过及正在服务的包括：中国工商银行、中国建设银行、中国农业银行、交通银行、浦发银行、新韩银行、哈尔滨银行、锦州银行、宁波银行、永亨银行、齐鲁银行、友利银行、珠海银行、中债信用增进投资股份有限公司等。主要工作为咨询、系统实施、定制开发、银行内部外部系统接口开发及实施、报表设计与开发。公司在近些年高速发展的同时，需要大量的既有相关理论也有一定动手实践能力的人才。\r\n凯美瑞德总部位于苏州工业园区，旗下拥有凯美瑞德（北京）科技有限公司和凯美瑞德（苏州）信息科技有限公司，拥有员工70多名，在北京、上海、深圳设有分支机构。\r\n公司拥有优秀的企业文化，规范的管理制度，激情的创业团队，和谐的办公环境。公司注重人才引进和培养，有完善的人才培训机制和晋升选拔体系，为员工提供优质的进步平台和广阔的发展空间。公司会为新员工提供系统金融业务培训。现诚挚邀请有才能、有志向的青年加入凯美瑞德，与凯美瑞德共进步、共成长！ \r\n'),
(30, 'sjc7', '江苏通联民富商务服务有限公司', '工业园区金鸡湖大道1355号国际科技园三期6C', '120.669457,31.29583', 'dian6210310@126.com', '公司是新成立的兴新型公司，公司设有行政人事部、招商部、客服部、风控部、运维部、技术部、财务部等等，部门齐全分工明确，拥有着良好的企业文化氛围和优美温馨的办公环境。公司旨在与员工共同进步，现诚招招商部伙伴，期待您的加入，共同创建美好的未来！\r\n'),
(31, 'zxu12', '', '', '120.703961,31.271771', 'dian6210310@126.com', ''),
(32, 'zxy12', '江苏魔力网络科技有限公司', '苏州工业园区星湖街328号创意产业园4栋B座201室', '120.726856,31.270726', 'dian6210310@126.com', '江苏魔力网络科技有限公司（简称魔力网），成立于2013年7月，总部坐落在苏州工业园区创意产业园。目前有员工约80人，在深圳、南京、湖南等处设有办事处。\r\n魔力网是一家全心全意为会员服务的网站，秉承“会员体验高于一切”的服务理念，为会员提供时尚便捷的生活方式，倡导健康年轻的消费观念，致力于为会员打造精致的消费生活。为会员提供线上品牌会员价及线下实体会员折的贴心服务。\r\n魔力网的使命：消费改变生活。\r\n魔力网愿景：①成为中国最大的消费增值服务平台；②有消费的地方就有魔力会员。\r\n希望您会对魔力网感兴趣，也希望魔力网能给您提供一个良好的发展平台！\r\n\r\n福利待遇：\r\n1、公司秉着人性化管理理念，一经录用，待遇从优；\r\n2、薪资结构：基本工资+各项津贴+全勤奖+工龄工资+绩效+提成+年终奖；\r\n3、享受三八节日礼品、端午礼品、中秋礼品等；\r\n4、提供良好的晋升空间、舒适的工作环境、人性化的管理理念；\r\n5、依法享受带薪年假、病假、婚假、产假、丧假等；\r\n6、公司缴纳五险一金，周末双休。\r\n'),
(33, 'sjc8', '苏州信亨自动化科技有限公司', '江苏省苏州工业园区林泉街399号东南大学国家大学科技园(苏州)文昌院203室', '120.746297,31.270561', 'dian6210310@126.com', '苏州信亨自动化科技有限公司总部位于苏州工业园独墅湖高教区林泉街399号 东南大学苏州研究院文昌院二楼。是一家股份制企业，主要从事于自动化中西药房、自动化分拣成套设备、自动化中西药品生产加工流水线的研发、设计、生产、销售，是国内外首家从事医药行业自动化设备的新型公司。\r\n'),
(34, 'sjc9', '江苏云天翼付数据信息技术服务有限公司', '苏州工业园区金鸡湖大道1355号国际科技园A403单元', '120.669285,31.29583', 'dian6210310@126.com', '江苏云天翼付数据信息技术服务有限公司创立于2014年3月，注册资本1000万。是一家专业金融数据信息技术服务提供商。专注于移动资金收付创新技术与应用电子商务平台的建设与运营。为金融机构与第三方支付机构以及商户搭建畅通、安全、便捷的云计算平台，为行业客户快速准确提供完整的金融数据处理服务解决方案。\r\n'),
(35, 'zxy13', '苏州工业园区时尚舞台商城有限公司', '苏州工业园区现代大道后戴街9号（现代大道与胜浦路交界处）', '120.760953,31.345396', 'dian6210310@126.com', '\r\n    舞台（苏州）国际时尚品牌城是以经营国际、国内著名品牌服装为主的品牌折扣城，经营品类有服装服饰、运动休闲、户外探险、儿童服装玩具、家居生活用品，配套设施有餐饮、咖啡吧、儿童游乐园、美容SPA、电影院等。舞台（苏州）国际时尚品牌城，囊括全球众多一线品牌，以前所未有的折扣力度，真正实现“奢品优价”；更以打造意大利风情小镇式购物空间，开创“一站式周全配套服务”经营模式，整合名品折扣购物、短途自驾游、度假观光、休闲餐饮等诸多业态，缔造与自然交融的诗意休闲购物模式，引领全新生活方式。\r\n    公司地址：苏州工业园区现代大道后戴街9号（园区胜浦路与现代大道交界处）\r\n 公交线路：158路、19路、129路至园区综合保税区站下\r\n           215路至时尚舞台西站下\r\n           园区1号专线至综保大厦站下\r\n           轻轨1号线至钟南街站下后转215路至时尚舞台西站下\r\n公司网址：www.sz-stage.com\r\n\r\n '),
(36, 'sjc10', '苏州莱斯代尔信息科技有限公司', '苏州工业园区星湖街328号创意产业园6-302单元', '120.72971,31.262124', 'dian6210310@126.com', '苏州莱斯代尔信息科技有限公司是一家专注于美发、美容行业移动解决方案的公司，公司总部位于苏州，长三角地区的区位优势、便利的交通条件、优致越的办公环境和莱斯代尔人的创业精神成就了公司的今天，并将继续铸造未来。\r\n    公司主要目标用户群体定位在美发、美容行业的从业人员，并以发型师为核心打造整个产品体系。通过整合行业资源，为行业的O2O发展提供“最后一公里”解决方案。目前公司拥有一支具备高度专业水准和敬业精神的员工队伍，并自主研发与销售针对中国美发、美容行业的软件类产品，我们致力于将莱斯代尔打造成为移动互联网时代中国美发、美容行业潮流的引领者。\r\n    经过莱斯代尔人的不懈努力，我们有信心有把握在中国美发、美容行业确立不可撼动的领先地位，继续创造一个又一个的辉煌.欢迎有志之士加入我们，和我们共同成长！\r\n'),
(37, 'whm1', '裕融租赁有限公司', '苏州工业园区圆融时代广场23幢11楼（民生金融大厦）', '120.723874,31.323989', 'dian6210310@126.com', '裕融租赁有限公司为台湾上市公司裕融企业股份有限公司2010年6月30日在苏州创设的租赁公司，注册资本为3000万美金，为台湾裕隆集团成员之一。2010年8月3日正式对外营运，主要营业项目为各类生产.通信.医疗.科研.检测.工程机械.办公设备等动产的融资租赁及经营租赁业务.期望先以机械设备租赁来服务客户，随着公司的茁壮，丰富金融产品线，使客户与我们一同成长，达到满足客户不同金融需求之目的。我们亦希望能不断创新、不停超越，成为最好的财金服务公司，对中国未来的经济成长贡献出我们的力量。 \r\n本公司经营之理念为藉由全体同仁们的努力, 共同创造一专业.创新效率及服务之企业, 公司经营之策略为在专业金融领域中取得领导地位.公司实行以人为本的人力资源管理模式，重视人才的培养和发展，提供富有市场竞争力的薪资福利待遇。\r\n公司福利： \r\n1、五险一金 \r\n2、团体保险 \r\n3、伙食补助 \r\n4、生日福利金 \r\n5、结婚福利金 \r\n6、丧事慰问金 \r\n7、组织活动（旅游、公司竞赛、年终尾牙等）\r\n8、年度体检 \r\n9、出差津贴\r\n10、定期培训 \r\n11、其他福利\r\n'),
(38, 'sjc11', '苏州全维软件科技有限公司', '苏州工业园区星湖街218号生物纳米园A1南座5楼', '120.72971,31.259372', 'dian6210310@126.com', '全维科技成立于2012年4月，是一家为大众和健康产业机构提供健康管理云服务的公司。公司的使命是用完美主义的专业精神，打造用户体验一流的健康管理平台，改善人们的生活质量。\r\n全维科技的经营理念是以深度专业化整合的健康管理体验满足人们的健康理想使我们成为大众和健康产业机构最可信任的伙伴。\r\n我们能为您做的,并非单纯的药品或病症查询，而是安全用药评价方案，以及更为广泛的健康管理解决方案。我们需要让产品能更好地运作，让人们可以十分便捷的管理健康，从而更好的享受生活。我们正在为实现这个目标不断努力。\r\n我们能够为众多健康产业机构用户提供创新的平台解决方案，令其业务更高质、更高效，我们在帮助商业客户取得成功的同时，也为大众健康谋福祉。\r\n公司崇尚开放的文化和专业的导向，是以顾客为中心的高科技、专业化的消费者健康生活服务平台。我们致力于为顾客创造安全、合理、有效、经济的自我健康管理、自我治疗和获取药物疗法支援的多渠道、多触点与更为便利的健康生活方式，用我们的专业和热情帮助更多的人，让顾客绽放更美好的微笑！\r\n全维科技旗下包含苏州全维软件科技有限公司和苏州全值药房连锁有限公司两家公司。\r\n全维软件负责全维药事服务平台的规划、设计、开发、推广和运维，是公司互联网服务业务的核心推动力。\r\n全维软件开发的产品线包括药店经营管理和服务系统，药事服务网，药事服务手机应用、微信应用和药事服务经营分析产品。\r\n苏州全值药房连锁有限公司是全国首家从事大众药事服务的专业服务公司，填补国内药品零售商的药事服务空白，替药品零售商向顾客提供药事服务，建立药品零售企业、药店和顾客之间的专业服务纽带，提升药店的服务和经营管理水平，提升大众的安全用药理念，养成大众关注自身健康的意识和习惯。\r\n全维科技是创新的公司，团队崇尚创新、服务、超越、分享的文化，全维科技欢迎热衷医药互联网事业，并愿意为之付出来成就自己的你！\r\n我们不断地寻求人才，我们需要真正能有利于公司发展的人才，不仅是注重当前，更要放眼未来，这是我们聘用流程的核心。 在此，你将身处开放、平等、分享的文化氛围，你将收获友爱、尊重、温暖的事业伙伴，更重要的是你能实现自己最大的价值，从而使自己和整个社会受益。欢迎有志之士加入！'),
(39, 'whm2', '苏州盛景信息科技股份有限公司', '苏州工业园区金鸡湖大道1355号国际科技园111C单元', '120.664565,31.286002', 'dian6210310@126.com', '作为领先的智慧城市行业应用与地理信息服务提供商，苏州盛景自2008年成立以来，一直致力于应用信息技术提升城市公共管理与服务的水平。多年以来，面对城 市的快速发展、日益凸显的资源瓶颈以及日新月异的技术变革，盛景专注于技术创新，努力通过其软件和服务帮助用户改进了固有的工作模式和方法，通过信息化让城 市更加高效。\r\n\r\n公司致力于应用地理信息技术实现城市资源直观可视，利用工作流等技术让部门工作更为高效协同，利用物联感知等技术让公共管理敏捷响应，利用大数据分析帮 助决策者更加科学地进行决策。通过多年的沉淀，在城管、社会管理、规划、人防、交通、旅游、水利、人口、市政、管网、燃气等众多行业领域形成了成熟的细分产 品与专业的行业解决方案。\r\n\r\n创造客户价值是我们一直追求的企业目标，盛景致力于成为客户最可信赖的合作伙伴，通过自身的技术优势帮助解决城市发展过程中的管理问题和社会需求。公司 立足长三角，向全国辐射发展，以开放务实的态度，期待更多的合作。\r\n'),
(40, 'whm3', '', '', '120.703961,31.271771', 'dian6210310@126.com', '');
INSERT INTO `recruiter_userinfo` (`id`, `username`, `name`, `address`, `location`, `email`, `detail`) VALUES
(41, 'sjc12', '苏州大禹网络科技有限公司', '苏州工业园独墅湖高教区林泉街399号东南大学研究南工院516室', '120.746479,31.270304', 'dian6210310@126.com', '大禹网络科技有限公司于2012年由一群北大的研究生校友创立，从2013年开始定位在社交互联网领域，并以新媒体和手机游戏等作为公司的主流产品和方向并取得了迅猛的突破和发展。大禹网络致力于为社交互联网用户提供最受欢迎的数字娱乐产品，为最具才华、激情和娱乐精神的童鞋提供工作的舞台。新媒体上，大禹人积累了过亿的粉丝资源，社交营销处于行业最顶尖地位；在web和移动开发上，大禹是腾讯最高级的第三方开发商，应用日活跃用户超过100万，PC端开发连续两年进入腾讯创新创业大赛全国50强。2014年，公司被苏州政府邀请并落户在风景优美环境舒适的独墅湖高教区东南大学研究院内。公司现主营业务快速发展，我们正在寻找这样一群人，他们具有强烈的自我驱动意识，追求卓越和对于产品不断优化的癖好，充沛的精力和工作热情，坦诚的做人、做事风格。如果你是这样的人，请赶紧联系到组织。\r\n\r\n我们是一支年轻的队伍，我们有实力，我们有梦想，我们高度重视优秀人才的发展和培养，我们努力为员工打造一个充满挑战，富有机遇的就业环境。在这里，你不会再是航母上的一颗微小螺丝钉；在这里，你可以实现真正的施展拳脚，绽放才华！如果你是互联网人才，如果你需要一个发挥的舞台，真诚期待您的加盟，和我们一起共创辉煌，实现梦想！\r\n\r\n加入公司，您将享受：\r\n1.优厚的福利待遇：\r\n提供行业内极具竞争力的薪酬，缴纳园区社保\r\n月绩效奖，项目奖，年终奖，总裁奖等多重激励制度\r\n非本地员工提供住宿\r\n加班餐补 \r\n节日津贴\r\n丰富的员工活动，培训及拓展\r\n\r\n2.完整的发展平台 \r\n公司以人文本，追求卓越，致力于打造行业内最具竞争力的团队。坚信人才是企业最大的价值，坚持与优秀的人一起做优秀的事。大禹的创始人和管理人员将公司理解为为人才服务的平台。\r\n\r\n3.和谐的工作氛围 \r\n公司是一个充满活力而又才华横溢的大家庭，公司内所有员工均为家庭一员。在这里的每一个人，工作中是伙伴和战友，工作外是亲人和朋友。这里打造的是一种有创意，有想法，有理想，有追求，同时也兼备高效执行力的团队。如果你有强大的自我驱动力，也有很高的团队协作意识，请加入我们，大禹网络全体员工张开双手，热情拥抱。\r\n\r\n这里是一群优秀的人，这是一个追求卓越的公司。如果你对工作很有责任心、如果你有很好的抗压能力，如果你是互联网人，如果你已经跃跃欲试摩拳擦掌，期待你和我们联系，或者，让我们找到你。\r\n'),
(42, 'zxy14', '苏州微往信息科技有限公司', '工业园区新平街388号腾飞创新园23幢502-1', '120.727522,31.25143', 'dian6210310@126.com', ' 苏州微往是一家专业从事移动平台开发的互联网科技公司，集品牌运营、推广、整合营销为一体，主营业务为微信、百度直达号、支付宝服务窗三大公共平台的开发和Native APP的开发。\r\n        微往的成立，顺应了移动互联网飞速发展的趋势，自成立以来，我们以新生的热情和创新的活力不断刷新着自己以及行业的记录。目前公司业务已覆盖科技、餐饮、酒店、娱乐、电商、旅游、房地产、汽车、 医疗、红酒、美容、教育、婚庆、设计、家政等十几个行业领域，为全国各地几十家公司开发了移动平台。\r\n        作为移动互联网行业的先行者，微往先后获得了腾讯微信、百度和支付宝钱包的官方认可，成为腾讯云微信、百度直达号和支付宝服务窗官方指定的合作方之一。微往以先进的移动平台开发技术和定制化整合营销解决方案为服务核心，以丰富的信息科技资源和创新的定制化服务为支撑，为国内外客户提供从开发到运营的一体化、全方位服务。\r\n        不论您是传统行业的企业主，还是自主创业的热血精英，只要您意识到了移动互联网营销的时代趋势和锋芒，只要您想在移动互联网营销大战中抢得先机，只要您想借移动互联网营销公司的业务大展拳脚，那么，我们就是您忠实的合作伙伴，加入我们，让您的移动营销之路畅通无阻！\r\n地址：苏州工业园区独墅湖高教区新平街388号腾飞创新园23幢502-1\r\n'),
(43, 'zxy15', '苏州信马信息科技有限公司', '苏州工业园区星湖街328号创意产业园2-A306单元', '120.731813,31.264765', 'dian6210310@126.com', '我们是一家致力于开拓移动互联网无限机遇的初创公司!\r\n\r\n信马态度\r\n员工就是公司，员工的发展就是公司的发展，员工的未来就是公司的未来\r\n\r\n信马的员工将是这样一群成年人，他们愿意承担责任，努力为自己的选择负责，热爱自己的工作，善于合作，善于学习，鄙视抱怨，有底线有原则，身体健康，热爱生活。相信这个世界没那么糟，相信梦想，因为生命因梦想而精彩。\r\n\r\n待遇\r\n股权\r\n为了践行员工就是公司的原则，为了让员工可以分享公司发展的红利，我们愿意与员工分享股权\r\n高于行业平均的工资\r\n这个就不用说了，我们不是来做义工的\r\n五险一金\r\n为了大家的安全，这个是必须的！\r\n公司旅游\r\n累了一年，我们需要放松放松，当然公司掏钱！\r\n免费午餐\r\n吃饱喝足好开工！\r\n车补\r\n如果你有车。如果你没车的话，报销车票。什么？电动车！？自行车！？。。。我们想想办法;)\r\n20天年假\r\n你需要生活，家庭。你一定还需要休息，娱乐。我们坚信，光会干活的员工。。。是好员工！:)又会干活又会思考的员工是优秀的员工！你需要思考的时间。你需要充电的时间。你需要旅游，看电影，陪家人。。。\\\r\n'),
(44, 'zxy16', '苏州立木信信息技术有限公司', '苏州工业园区集贤街68号大宇宙创造有限公司2F', '120.703961,31.271771', 'dian6210310@126.com', '苏州立木信信息技术有限公司是坐落在苏州新加坡工业园区的软件公司。本公司是一家致力于加速企业信息化进程的专业软件开发、销售、服务为一体的苏州软件公司，以帮助企业建立实用的信息化系统为己任！通过软件有效的帮助企业规范管理、提升工作效率、降低运营成本。公司自成立之初就秉承以诚信、创新的经营理念；技术上以国际先进的java及.net技术作为基础，系统采用先进的B/S架构，并坚持以自主研发、不断创新为发展动力，在技术上始终保持领先。公司拥有一支强大的技术团队，为企业提交高质量的企业信息化管理咨询及软件项目开发，通过众多项目的成功开发与实施，已具备了丰富的行业经验、精湛的技术开发、高效的服务质量和认真的工作态度是我们的优势，在信息化方面为企业提供诚意的服务是我们的宗旨。作为一家具有真正实力的优秀苏州软件公司，我们提供满足不同客户个性化需求的软件产品和服务，因为我们相信只有个性化的信息化解决方案才能真正满足各类企业在发展过程中的应用需求。'),
(45, 'sjc13', '江苏北极光科技发展有限公司', '苏州市工业园区星湖街328号创意产业园8-602', '120.729474,31.261482', 'dian6210310@126.com', '江苏北极光科技发展有限公司成立于2005年，从成立起一直致力于校园信息化产品的研发、推广和运营，其信息平台已覆盖几十万用户上千所学校。随着新技术（云计算、云存储和移动互联网）蓬勃发展，公司于2012年起着手研发基于移动互联网和云技术的幼儿素质信息平台，2013年 “时光宝盒”正式上线，获得了用户的高度好评。\r\n公司本着以诚信为基础，以科技为指引的发展方针，紧密把握客户的需求，密切注视技术和市场的发展，用最真诚的态度和最先进的技术服务于客户。\r\n公司理念： 创新、实干、诚信、合作\r\n公司远景：江苏北极光科技发展有限公司是一个充满活力、作风严谨、思维开放的软件技术服务企业，尤其在数据增值服务，它将深化服务内容、细化市场需求，在中国未来的信息化进程中，提供品质卓越、功能实用和质量可信的产品和服务，成为优秀的软件和服务提供商。\r\n'),
(46, 'sjc14', 'Dextrys', '苏州工业园区金鸡湖大道1355号国际科技园科技广场18楼', '120.669457,31.295519', 'dian6210310@126.com', '新宇软件（苏州工业园）有限公司成立于2003年，总部在中国－新加坡苏州工业园区，现已成为苏州最大的软件公司，华东地区最大的IT服务公司之一，中国最领先的IT外包服务公司和五大欧美软件外包公司之一。公司在苏州落户之后，已相继在中国北京、上海、大连、昆山、香港及广州、美国开设了分支机构，全球员工总数达2000余人，苏州为1200余人。\r\n\r\n公司一贯注重产品与服务的质量和流程管理，结合实际的同时，借鉴国际先进的项目管理和流程规范，建立了完整的项目管理和流程管理体系，并通过了CMMI 3级的评估。卓越的技术，周到的服务，公司不断开拓世界500强客户，发展迅猛的同时，在项目管理和流程方面得到包括波音公司在内的众多世界500强公司的认可。\r\n\r\n作为国际化的企业，新宇软件吸引了来自美国、德国、印度、英国等十多个国家的顶尖人才。为包括宝洁(P&G)、微软(Microsoft)、IBM、GE、诺基亚(Nokia)、西门子(Siemens)、华为三康(Huawei-3com)、UT斯达康(UT-Starcom)、伊士曼化工(Eastman)、花旗银行（CitiBank）、捷迅软件(Agile)、雅马哈(Yamaha)在内的诸多世界500强企业及国际知名企业提供了满意周到的服务。\r\n\r\n2007年，新宇软件入选“全球IT服务100强”，“亚洲市场10大新星”第二位和“专业应用程序开发供应商10强”第三位。同时被美国外包黑皮书评为中国ITO/BPO供应商第一位。同年，新宇软件同印度领先的IT企业签订了中印最大的服务外包合同，在苏州工业园区建立了大型的BPO基地。\r\n\r\n2008年，新宇软件荣膺国家信产部评选的“中国ITO 20强企业”，蝉联中国评价协会 “中国服务外包最佳商业模式”企业。\r\n \r\n2009年蝉联“中国ITO 10强企业”，同年，美国“Frost & Sullivan 卓越外包奖”授予“2009 中国卓越 IT 外包奖”。新宇软件总裁荣获 “中国服务外包十大领军人物”称号。\r\n\r\n我们具备一支经验丰富、技术过硬、多元化的专业团队。优势不仅在于领先技术和专业团队所打造的杰出方案和服务能力，也在于积极创新和勇于开拓的工作热情。如果您期望加入我们的团队，希望您具备：我们需要的专业技能、不断进取的创新精神、正直诚信的个人品德、敬业合作的工作态度。\r\n \r\n公司将为优秀的人才提供轻松融洽的工作环境，优厚的薪资待遇，良好的福利，世界领先技术的培训与英语培训，多元化的项目机会，广阔的个人成长空间，并为优秀者提供海外培训或工作的机会。通过我们共同的努力，我们尽可能的使每位员工的才华得到最大程度的发挥，以实现员工和企业共同的发展和价值的体现。\r\n \r\n应聘者请注明应聘的岗位。收到的简历，合则约见，未通知面试者的资料存入我司人才库，所收简历资料严格保密。\r\n \r\n我们期待着为您的成功创造条件，也期待着您在新宇大展宏图！\r\n');

--
-- 限制导出的表
--

--
-- 限制表 `jobhunter_applicationhistory`
--
ALTER TABLE `jobhunter_applicationhistory`
  ADD CONSTRAINT `jobhunter_applicationhistory_ibfk_1` FOREIGN KEY (`userphone`) REFERENCES `jobhunter_auth` (`userphone`) ON DELETE CASCADE ON UPDATE CASCADE;

--
-- 限制表 `jobhunter_userinfo`
--
ALTER TABLE `jobhunter_userinfo`
  ADD CONSTRAINT `jobhunter_userinfo_ibfk_1` FOREIGN KEY (`userphone`) REFERENCES `jobhunter_auth` (`userphone`) ON DELETE CASCADE ON UPDATE CASCADE;

--
-- 限制表 `recruiter_demand`
--
ALTER TABLE `recruiter_demand`
  ADD CONSTRAINT `recruiter_demand_ibfk_1` FOREIGN KEY (`username`) REFERENCES `recruiter_auth` (`username`) ON DELETE CASCADE ON UPDATE CASCADE;

--
-- 限制表 `recruiter_userinfo`
--
ALTER TABLE `recruiter_userinfo`
  ADD CONSTRAINT `recruiter_userinfo_ibfk_1` FOREIGN KEY (`username`) REFERENCES `recruiter_auth` (`username`) ON DELETE CASCADE ON UPDATE CASCADE;

/*!40101 SET CHARACTER_SET_CLIENT=@OLD_CHARACTER_SET_CLIENT */;
/*!40101 SET CHARACTER_SET_RESULTS=@OLD_CHARACTER_SET_RESULTS */;
/*!40101 SET COLLATION_CONNECTION=@OLD_COLLATION_CONNECTION */;
